id;country
Fang, Yuan;China
Liu, George E;United States
Fang, Bohao;United States
Edwards, Scott V;United States
Paten, Benedict;Unknown
Chang, Xian;Unknown
Eizenga, Jordan;Unknown
Sirén, Jouni;Unknown
Monlong, Jean;Unknown
Negi, Shloka;Unknown
Andreace, Francesco;Unknown
Nag, Sagorika;Unknown
Kyriakidis, Konstantinos;Unknown
Hickey, Glenn;Unknown
Hwang, Stephen;Unknown
Carroll, Andrew;Unknown
Shafin, Kishwar;Unknown
Chang, Pi-Chuan;Unknown
Okamoto, Faith;Unknown
Li, Heng;Unknown
Zakeri, Mohsen;Unknown
Brown, Nathaniel K;Unknown
Gagie, Travis;Unknown
Langmead, Ben;Unknown
Lee, Jung-Sook;Korea, Democratic People's Republic of
Miswan, Noorizan;Malaysia
Lau, Nyok-Sean;Malaysia
Yang, Zuyu;New Zealand
Zeng, Qingchao;China
Li, Yan;China
Wang, Qi;China
Meng, Chuang;China
Ji, Feng;China
Zhou, Bin;China
Baraúna, Rafael Azevedo;Brazil
Silva, Artur;Brazil
Avni, Raz;Germany
Kamal, Nadia;Germany
Bitz, Lidija;Finland
Jellen, Eric N;United States
Bekele, Wubishet A;Canada
Angessa, Tefera T;Australia
Auvinen, Petri;Finland
Bitz, Oliver;Finland
Boyle, Brian;Canada
Canales, Francisco J;Spain
Carlson, Craig H;United States
Chapman, Brett;Australia
Chawla, Harmeet Singh;Canada
Chen, Yutang;Switzerland
Copetti, Dario;United States
Correia de Lemos, Samara;Germany
Dang, Viet;Australia
Eichten, Steven R;United States
Klos, Kathy Esvelt;United States
Fenn, Amit M;Germany
Fiebig, Anne;Germany
Fu, Yong-Bi;Canada
Gundlach, Heidrun;Germany
Gupta, Rajeev;United States
Haberer, Georg;Germany
He, Tianhua;Australia
Herrmann, Matthias H;Germany
Himmelbach, Axel;Germany
Howarth, Catherine J;United Kingdom
Hu, Haifei;Australia
Isidro Y Sánchez, Julio;Spain
Itaya, Asuka;Canada
Jannink, Jean-Luc;United States
Jia, Yong;Australia
Kaur, Rajvinder;Canada
Knauft, Manuela;Germany
Langdon, Tim;United Kingdom
Lux, Thomas;Germany
Marmon, Sofia;Sweden
Marosi, Vanda;Germany
Mayer, Klaus F X;Germany
Michel, Steve;United States
Nandety, Raja Sekhar;United States
Nilsen, Kirby T;Canada
Paczos-Grzęda, Edyta;Poland
Pasha, Asher;Canada
Prats, Elena;Spain
Provart, Nicholas J;Canada
Ravagnani, Adriana;United Kingdom
Reid, Robert W;United States
Schlueter, Jessica A;United States
Schulman, Alan H;Finland
Sen, Taner Z;United States
Singh, Jaswinder;Canada
Singh, Mehtab;Canada
Sirijovski, Nick;Sweden
Stein, Nils;Germany
Studer, Bruno;Switzerland
Viitala, Sirja;Finland
Vronces, Shauna;Canada
Walkowiak, Sean;Canada
Wang, Penghao;Australia
Waters, Amanda J;United States
Wight, Charlene P;Canada
Yan, Weikai;Canada
Yao, Eric;United States
Zhang, Xiao-Qi;Australia
Zhou, Gaofeng;Australia
Zhou, Zhou;Canada
Tinker, Nicholas A;Canada
Fiedler, Jason D;United States
Li, Chengdao;Australia
Maughan, Peter J;United States
Spannagl, Manuel;Germany
Mascher, Martin;Germany
Fang;Denmark
Zhang;China
Niu, Yongchao;China
Wang, Zhen;China
Li;China
Liu;China
Zhang;China
Gao, Yahui;United States
Wang;China
Groenen;Netherlands
Loegler, Victor;France
Friedrich, Anne;France
Schacherer, Joseph;France
Macias-Velasco, Juan F;Unknown
Zhang, Wenjin;Unknown
Zhuo, Xiaoyu;Unknown
Tomlinson, Chad;Unknown
Lindsay, Tina;Unknown
Li, Daofeng;Unknown
Wang, Ting;Unknown
Novak, Adam M;United States
Eizenga, Jordan M;United States
Délot, Emmanuèle C;United States
Lee, Seung Hwan;Korea, Democratic People's Republic of
Kim, Jun;Korea, Democratic People's Republic of
Mohamedikbal, Shameela;Australia
Batley, Jacqueline;Australia
Edwards, David;Australia
Chaichana, Nattarika;Thailand
Boonsan, Jirasa;Thailand
Dechathai, Thitaporn;Thailand
Suwannasin, Sirikan;Thailand
Singkhamanan, Kamonnut;Thailand
Wonglapsuwan, Monwadee;Thailand
Pomwised, Rattanaruji;Thailand
Surachat, Komwit;Thailand
Xiang, Xinran;China
Yoon, Jung-Hoon;Korea, Democratic People's Republic of
Sukhoom, Ampaitip;Thailand
Kim, Wonyong;Korea, Democratic People's Republic of
Liu, Ze;China
Wang, Yu;China
Li, Tao;China
Li, Wei;China
Xing, Longsheng;China
Du, Huilong;China
He, Qiang;China
Toppino, Laura;Italy
Prohens, Jaime;Spain
Portis, Ezio;Italy
Lanteri, Sergio;Italy
Rotino, Giuseppe Leonardo;Italy
Giuliano, Giovanni;Italy
Usadel, Björn;Germany
Barchi, Lorenzo;Italy
Zhang, Chi;China
Wu, Yi;China
Golicz, Agnieszka A;Germany
Snowdon, Rod J;Germany
Bu, Congfan;China
Zhang, Hao;China
Liu, Qian;China
Zhang, Zhewen;China
Jin, Zhong;China
Xiao, Jingfa;China
Zhang, Hong;China
Gomila, Margarita;Spain
Moore, Edward R B;Sweden
Karlsson, Roger;Sweden
Shivakumar;Unknown
Negrete-Paz, Andrea Monserrat;Mexico
Vázquez-Marrufo, Gerardo;Mexico
Vázquez-Garcidueñas, Ma Soledad;Mexico
Chen, Zhao;United States
Huang, Miaomiao;China
Zheng, Peng;China
Li, Ning;China
Chen, Qionglin;China
Liu, Yan;China
Tao, Xiaoyuan;China
Yu, Jingyin;China
Xu, Shengchun;China
Rodrigues, Jose A;United States
Blankenship, Heather M;United States
Cha, Wonhee;United States
Mukherjee, Sanjana;United States
Sloup, Rebekah E;United States
Manning, Shannon D;United States
Croll, Daniel;Switzerland
Zhang, Jing;China
Su, Jing;China
Yu, Li-Yan;China
Zhang, Yu-Qin;China
McInerney, James O;United Kingdom
Campos-Dominguez, Lucía;Spain
Castanera, Raúl;Spain
Grover, Corrinne E;United States
Wendel, Jonathan F;United States
Casacuberta, Josep M;Spain
Yang, Ning;China
Yan, Jianbing;China
Yang, Xiaohong;China
Zhou, Lu;China
Zhang, Wei;China
Zhang, Ying;China
Tan, Zhongming;China
Sadaqat, Muhammad;France
Tahir Ul Qamar, Muhammad;Pakistan
Li, Risheng;China
Zhao, Junliang;China
Huang, Zetong;China
Cao, Shengliang;China
Li, Yubao;China
Sorin, Valentin;France
Birbes, Clément;France
Grohs, Cécile;France
Fritz, Sébastien;France
Eché, Camille;France
Suin, Amandine;France
Donnadieu, Cécile;France
Gaspin, Christine;France
Iampietro, Carole;France
Milan, Denis;France
Boichard, Didier;France
Klopp, Christophe;France
Sanchez, Marie-Pierre;France
Boussaha, Mekki;France
Okoth, Patrick;Kenya
Wekesa, Clabe;Kenya
Xue, Zhengfa;China
Jin, Xin;China
Zhu, Huanhuan;China
Wang, Jiayin;China
Prodanov, Timofey;Germany
Plender, Elizabeth G;United States
Seebohm, Guiscard;Germany
Meuth, Sven G;Germany
Eichler, Evan E;United States
Marschall, Tobias;Germany
Deschner, Darien;Canada
Hill, Janet E;Canada
Zhou, Baoqing;China
Zhang, Ticao;China
Cao, Qiang;China
Qiao, Qin;China
Zhang, Zhen;China
Li, Min;China
Yu, Keyi;China
Trisakul, Kanwara;Thailand
Rotcheewaphan, Suwatchareeporn;Thailand
Phelan, Jody;United Kingdom
Clark, Taane G;United Kingdom
Faksri, Kiatichai;Thailand
Sheppard, Samuel K;United Kingdom
Handa, Hirokazu;Japan
Lang, Daniel;Germany
Naamati, Guy;United Kingdom
Uauy, Cristobal;United Kingdom
Krattinger, Simon G;Saudi Arabia
Pozniak, Curtis;Canada
Cummins, Elizabeth A;United Kingdom
van Schaik, Willem;United Kingdom
Moran, Robert A;United Kingdom
Liu, Zhengwei;China
Ou, Xichao;China
Li, Xiangchen;China
Zhu, Yelei;China
Lu, Yewei;China
Che, Yang;China
Wu, Kunyang;China
Wang, Xiaomeng;China
Zhao, Yanlin;China
Lou, Runyang Nicolas;United States
Rocha, Joana L;United States
Mitchell, Matthew W;Unknown
Sudmant, Peter H;United States
Karthik, Kumaragurubaran;India
Anbazhagan, Subbaiyan;India
Thomas, Prasad;India
Manoharan, Seeralan;India
Faraut, Thomas;France
Kuchly, Claire;France
MacNish, Tessa R;Australia
Yuan, Yuxuan;Australia
Bayer, Philipp E;Australia
Tay Fernandez, Cassandria G;Australia
Scheben, Armin;Australia
Elrefaey, Asmaa;United States
Bentum, Kingsley E;United States
Kuufire, Emmanuel;United States
James, Tyric;United States
Nyarku, Rejoice;United States
Osei, Viona;United States
Woube, Yilkal;United States
Samuel, Temesgen;United States
Abebe, Woubit;United States
Potter, Robert F;Panama
Nguyen, Co Thi Kim;Viet Nam
Nguyen, Hoang Duc;Viet Nam
Negus, David;United Kingdom
Hoyles, Lesley;United Kingdom
Wang, Sibo;China
Ruan, Jue;China
Xu, Xun;China
Liu, Huan;China
Liu, Yang;China
Fouts, Derrick E;United States
Clarke, Thomas H;United States
Liu, Xin;China
Shen, Fei;China
Khatoon, Ambrina;Pakistan
Karim, Asad;Pakistan
Allsing, Nicholas;United States
McDonald, Daniel;United States
Mamerto, Allen;United States
Murray, Emily R;United States
Duong, Tiffany;United States
Knight, Rob;United States
Michael, Todd P;United States
Singh, Harpreet;India
Behruznia, Mahboobeh;United Kingdom
Marin, Maximillian;United States
Farhat, Maha Reda;United States
Meehan, Conor J;United Kingdom
Kupczok, Anne;Netherlands
Baumdicker, Franz;Germany
Chakraborty, Mahul;Unknown
Derks, Martijn F L;Netherlands
Vuong, Tri D;United States
Valliyodan, Babu;United States
Nguyen, Henry T;United States
Chaity, Sudipta Chowdhury;Bangladesh
Hosen, Md Arman;Bangladesh
Rahman, Sabita Rezwana;Bangladesh
Khan, Md Abu Sayem;Bangladesh
Bosnea, Loulouda;Greece
Mataragas, Marios;Greece
Popov, Ilia V;Russian Federation
Chikindas, Michael L;United States
Popov, Igor V;Russian Federation
Kileeg, Zachary;Canada
Mott, G Adam;Canada
Maurizi, Linda;Italy
Brunetti, Francesca;Italy
Conte, Antonietta Lucia;Italy
Conte, Maria Pia;Italy
Longhi, Catia;Italy
Shahed, Khandker;Bangladesh
Islam, Sk Injamamul;Bangladesh
Barber, Amelia E;Germany
Zhang, Minghu;China
Shen, Mang;China
Dishuck, Philip C;United States
Munson, Katherine M;United States
Lewis, Alexandra P;United States
Dougherty, Max L;United States
Underwood, Jason G;United States
Harvey, William T;United States
Hsieh, PingHsun;United States
Pastinen, Tomi;United States
Chandra, Ghanshyam;India
Hossen, Md Helal;United States
Scholz, Stephan;Germany
Dilthey, Alexander T;Germany
Gibney, Daniel;United States
Jain, Chirag;India
Zhang, Hongyu;China
Liu, Jianan;China
Wang, Meijia;China
Lu, Shiying;China
Hu, Pan;China
Li, Yansong;China
Lu, Qiang;China
Ren, Honglin;China
Vorbrugg, Sebastian;Germany
Rabanal, Fernando A;Germany
Fitz, Joffrey;Germany
Collenberg, Max;Germany
Kubica, Christian;Germany
Llaca, Victor;United States
Lanz, Christa;Germany
Weigel, Detlef;Germany
Archibald, John M;Canada
Zhao, Pengju;China
Peng, Lingwei;China
Dai, Xuelei;China
Yang, Liu;United States
Lan, Xianyong;China
Yang, Liguo;China
Zhou, Yang;China
Rosani, Umberto;Italy
Gerdol, Marco;Italy
Chen, Ling-Ling;China
Song, Jia-Ming;China
Liu, Cheng;China
Hatmaker, E Anne;United States
Drott, Milton T;United States
Sauters, Thomas J C;United States
Gumilang, Adiyantara;United States
Alastruey-Izquierdo, Ana;Spain
Garcia-Hermoso, Dea;France
Keller, Nancy P;United States
Kurzai, Oliver;Germany
Rokas, Antonis;United States
Ahmad, Bilal;China
Su, Ying;China
Huang, Guizhou;China
Su, Xiangnian;China
Li, Chaochao;China
Yang, Xuanwen;China
Chu, Zhenzhou;China
Jin, Zhongxin;China
Xu, Xiaodong;China
Peng, Yanling;China
Chen, Chengjie;China
Xiao, Hua;China
Zhou, Yongfeng;China
Tian, Xinmin;China
Depuydt, Lore;Belgium
Renders, Luca;Belgium
Van de Vyver, Simon;Belgium
Veys, Lennart;Belgium
Fostier, Jan;Belgium
Nagasaki, Masao;Japan
Tokunaga, Katsushi;Japan
Kawai, Yosuke;Japan
Seetharam, Arun S;United States
Hufford, Matthew B;United States
Hayes, Chad;United States
Jiao, Yinping;United States
Weers, Tristan;United States
Feng, Yiling;United States
Peters, Reuben J;United States
Hasan, Nabeeh A;United States
Epperson, L Elaine;United States
Vang, Charmie K;United States
Honda, Jennifer R;United States
Strong, Michael;United States
Wang, Jing;China
Rauniyar, Shailabh;United States
Thakur, Payal;United States
Saxena, Priya;United States
Bazin, Adelme;France
Bomgni, Alain;United States
Kwon, Youngjun;United States
Hoekzema, Kendra;United States
Du, Ze-Zhen;China
He, Jia-Bao;China
Jiao, Wen-Biao;China
Robicheau, Brent M;United States
LaRoche, Julie;Canada
Hirono, Ikuo;Japan
Kondo, Hidehiro;Japan
Jiang, Yu;China
Hinthong, Woranich;United Kingdom
Campino, Susana;United Kingdom
Kwok, Lai-Yu;China
Sun, Zhihong;China
Jha, Uday Chand;India
Naik, Yogesh Dashrath;India
Nayyar, Harsh;India
Beena, Radha;India
Kudapa, Himabindu;India
Thudi, Mahendar;United States
Siddique, Kadambot H M;Australia
Wang, Jian;China
Ma, Yamei;China
Yang, Tifeng;China
Liu, Chuanguang;China
Rotaru, Liviu-Iulian;Romania
Surleac, Marius;Romania
van Workum, Dirk-Jan M;Netherlands
Smit, Sandra;Netherlands
Li, Qiang;China
Fu, Yanhong;China
Zhang, Chenhao;China
Song, Xiaoming;China
Lonardi, Stefano;United States
Hu, Ming;China
Wan, Penglong;China
Tang, Shuyuan;China
Chen, Jiahao;China
Wang, Liang;China
Chen, Jinfeng;China
Gaut, Brandon S;United States
Emerson, J J;United States
Liao, Yi;China
Rodriguez-Valera, Francisco;Spain
Molina-Pardines, Carmen;Spain
Qin, Chuhan;Canada
Lypaczewski, Patrick;Canada
Brinkley, Lindsey;United States
Creasy-Marrazzo, Ashton;United States
Cato, Emilee T;United States
Islam, Kamrul;Bangladesh
Begum, Yasmin;Bangladesh
Qadri, Firdausi;Bangladesh
Khan, Ashraful I;Bangladesh
Nelson, Eric J;United States
Shapiro, B Jesse;Canada
Ono, Masayuki;Japan
Yamaguchi, Masaya;Japan
Motooka, Daisuke;Japan
Hirose, Yujiro;Japan
Higashi, Kotaro;Japan
Kawabata, Shigetada;Japan
Chen, Shicheng;United States
Blom, Jochen;Germany
Walker, Edward D;United States
Logsdon, Glennis A;United States
Ebert, Peter;Germany
Audano, Peter A;United States
Loftus, Mark;United States
Porubsky, David;United States
Ebler, Jana;Germany
Yilmaz, Feyza;United States
Hallast, Pille;United States
Yoo, DongAhn;United States
Paisie, Carolyn A;United States
Zhao, Xuefang;United States
Martino, Gianni V;United States
Henglin, Mir;Germany
Rabbani, Keon;United States
Chin, Chen-Shan;United States
Gu, Bida;United States
Ashraf, Hufsah;Germany
Austine-Orimoloye, Olanrewaju;United Kingdom
Balachandran, Parithi;United States
Bonder, Marc Jan;Netherlands
Cheng, Haoyu;United States
Chong, Zechen;United States
Crabtree, Jonathan;United States
Gerstein, Mark;United States
Guethlein, Lisbeth A;United States
Hasenfeld, Patrick;Germany
Hunt, Sarah E;United Kingdom
Jensen, Matthew;United States
Jiang, Yunzhe;United States
Koren, Sergey;United States
Li, Chong;United States
Li, Jiaqi;United States
Norman, Paul J;United States
Oshima, Keisuke K;United States
Phillippy, Adam M;United States
Pollock, Nicholas R;United States
Rausch, Tobias;Germany
Rautiainen, Mikko;Finland
Song, Yuwei;United States
Söylev, Arda;Germany
Sulovari, Arvis;United States
Surapaneni, Likhitha;United Kingdom
Tsapalou, Vasiliki;Germany
Zhou, Weichen;United States
Zhou, Ying;United States
Zhu, Qihui;United States
Zody, Michael C;United States
Mills, Ryan E;United States
Devine, Scott E;United States
Shi, Xinghua;United States
Chaisson, Mark J P;United States
Konkel, Miriam K;United States
Korbel, Jan O;Germany
Lee, Charles;United States
Beck, Christine R;United States
Lovell, John T;United States
Walstead, Rachel;United States
Barry, Kerrie;United States
Goodstein, David;United States
Jenkins, Jerry;United States
Lipzen, Anna;United States
Boston, LoriBeth;United States
Webber, Jenell;United States
Talag, Jayson;United States
Grimwood, Jane;United States
Schmutz, Jeremy;United States
Wang, Zhiyong;China
Peng, Mu;China
Xu, Ruiqiang;China
Mondol, Spencer Mark;Bangladesh
Islam, Md Rafiul;Bangladesh
Shakil, Shahriar Kabir;Bangladesh
Islam, Israt;Bangladesh
Rakhi, Nadira Naznin;Bangladesh
Mustary, Jannatul Ferdous;Bangladesh
Amiruzzaman;Bangladesh
Rahaman, Md Mizanur;Bangladesh
Tang, Jie;China
Hu, Zhe;China
Daroch, Maurycy;China
Sholeh, Mohammad;Iran, Islamic Republic of
Beig, Masoumeh;Iran, Islamic Republic of
Badmasti, Farzad;Iran, Islamic Republic of
Pradhan, Abani K;United States
Blaustein, Ryan A;United States
Salamzade, Rauf;United States
Kottapalli, Aamuktha;United States
Kalan, Lindsay R;United States
Mannan, Ayman Bin Abdul;Bangladesh
Hossain, M Anwar;Bangladesh
Sultana, Munawar;Bangladesh
Chen, Chunhong;Australia
Norman, Michael;Australia
Forrest, Kerrie;Australia
Lagudah, Evans;Australia
Bariana, Harbans;Australia
Bansal, Urmil;Australia
Hickey, Lee;Australia
Periyannan, Sambasivam;Australia
Feng, Jia-Wu;Germany
Pidon, Hélène;Germany
Guo, Yu;Germany
Jayakodi, Murukarthick;Germany
Šimková, Hana;Czechia
Kumlehn, Jochen;Germany
Houben, Andreas;Germany
Gu, Mengya;China
Lei, Wenlong;China
Ye, Naixing;China
Wang, Pengjie;China
Picardeau, Mathieu;France
Dong, Xiaorui;China
Jiao, Du;China
Xue, Hongzhang;China
Fan, Shiyu;China
Wei, Chaochun;China
Sangsawad, Papungkorn;Thailand
Jung, Won-Kyo;Thailand
Permpoonpattana, Patima;Thailand
Linh, Nguyen Vu;Thailand
Lin, Jun-Jie;China
Zhang, Yong-Jun;China
Sun, Yang;China
Wang, Xin;China
Bulka, Olivia;Canada
Edwards, Elizabeth A;Canada
Isobe, Sachiko;Unknown
Sato, Kazuhiro;Japan
Shirasawa, Kenta;Japan
Ajmi, Nihed;Türkiye
Duman, Muhammed;Türkiye
Yaikhan, Thunchanok;Thailand
Klaysubun, Chollachai;Thailand
Dobhal, Shefali;United States
Hugouvieux-Cotte-Pattat, Nicole;France
Arizala, Dario;United States
Sari, Gamze Boluk;United States
Chuang, Shu-Cheng;United States
Alvarez, Anne M;United States
Arif, Mohammad;United States
Beebe, Merilyn A;United States
Paredes-Sabja, Daniel;United States
Kociolek, Larry K;United States
Rodríguez, César;Costa Rica
Sorg, Joseph A;United States
Eichelman, Matthew C;United States
Meyer, Michelle M;United States
González Ojeda, Indra;United States
Palace, Samantha G;United States
Martinez, Pamela P;United States
Azarian, Taj;United States
Grant, Lindsay R;United States
Hammitt, Laura L;United States
Hanage, William P;United States
Lipsitch, Marc;United States
Garg, Vanika;Australia
Barmukh, Rutwik;Australia
Huang, Yan;China
Chitikineni, Annapurna;Australia
Yang, Bicheng;Australia
Varshney, Rajeev K;Australia
Chusri, Sarunyou;Thailand
Agarwal, Viplav;Canada
Baltrus, David A;Unknown
Dillon, Marcus M;Canada
Weimer, Bart C;United States
Profeta, Rodrigo;United States
Han, So-Ra;Korea, Democratic People's Republic of
Oh, Tae-Jin;Korea, Democratic People's Republic of
Wang, Juan;China
He, Yichen;China
Zhou, Xiujuan;China
Zhang, Lida;China
Cui, Yan;China
Gehring, Andrew;United States
Deng, Xiangyu;United States
Shi, Xianming;China
Wang, Haohao;China
Chen, Yaqin;China
Guo, Yifan;China
Ding, Lijian;China
Zhang, Weiyan;China
He, Shan;China
Rossi, Massimiliano;United States
Ferro, Eddie;United States
Oliva, Marco;United States
Garrison, Erik;United States
Boucher, Christina;United States
Asri, Mobin;United States
Eskandar, Parsa;United States
Kolesnikov, Alexey;United States
Cook, Daniel E;United States
Brambrink, Lucas;United States
Onetto, Cristobal A;Australia
Borneman, Anthony R;Australia
Li, Jiawei;China
Yang, Qing-Yong;China
Liu, Kede;China
Yang, Zhiquan;China
Arredondo-Alonso, Sergio;Norway
Corander, Jukka;Finland
Pöntinen, Anna K;Norway
Hegstad, Kristin;Norway
Stanley, Sydney;United States
Silva-Costa, Catarina;Portugal
Gomes-Silva, Joana;Portugal
Melo-Cristino, Jose;Portugal
Malley, Richard;United States
Ramirez, Mario;Portugal
Stajich, Jason E;United States
Duong, Tuan A;South Africa
Daum, Chris;United States
Yoshinaga, Yuko;United States
Jenkins, Jerry W;United States
Xu, Zhongping;China
Wang, Maojun;China
Nie, Xinhui;China
Jin, Shuangxia;China
Zhang, Xianlong;China
Yuan, Daojun;China
He, Min;China
Du, Zhenglin;China
Chen, Fei;China
Chen, Meili;China
Lu, Cheng;China
Liu, Bin;China
Cong, Qian;Unknown
Hartwick, Nolan T;United States
Bentz, Philip C;United States
Carey, Sarah B;United States
Harkess, Alex;United States
Crawford, Seth;United States
van Sinderen, Douwe;Ireland
Bottacini, Francesca;Ireland
Marini, Simone;United States
Barquero, Alexander;United States
Wadhwani, Anisha Ashok;United States
Bian, Jiang;United States
Ruiz, Jaime;United States
Prosperi, Mattia;United States
Anbarasu, Anand;India
Thaden;Unknown
Ruffin;Unknown
Sutton, Granger;Liberia
Brinkac, Lauren;Liberia
Fowler;Unknown
Mastoras, Mira;United States
Hebbar, Prajna;United States
Nattestad, Maria;United States
Lucas, Julian;United States
Won, Taylor S;United States
Wang, Xu;China
Jiang, Bin;China
Kong, Xiangdong;China
Lisiecka, Anna;Poland
Dojer, Norbert;Poland
Männistö, Minna K;Finland
Kerkhof, Lee J;United States
Häggblom, Max M;United States
Wang, Songhu;China
Fei, Zhangjun;United States
Liu, Yongsheng;China
Zheng, Yi;China
Yue, Junyang;China
Gluck-Thaler, Emile;Switzerland
Forsythe, Adrian;Sweden
Puerner, Charles;United States
Gutierrez-Perez, Cecilia;United States
Cramer, Robert A;United States
Vogan, Aaron A;Sweden
Zytnicki, Matthias;France
Wang, Chufang;China
Ye, Qinghua;China
Jiang, Aiming;China
Zhang, Jumei;China
Shang, Yuting;China
Li, Fan;China
Gu, Qihui;China
Pang, Rui;China
Ding, Yu;China
Wu, Shi;China
Chen, Moutong;China
Wu, Qingping;China
Marin, Maximillian G;United States
Quinones-Olvera, Natalia;United States
Wippel, Christoph;United States
Jeffrey, Brendan M;United States
Harris, Michael;United States
Mann, Brendon C;South Africa
Rosenthal, Alex;United States
Jacobson, Karen R;United States
Warren, Robin M;South Africa
Farhat, Maha R;United States
van Duivenbode, Inge;Netherlands
Jonkheer, Eef M;Netherlands
de Ridder, Dick;Netherlands
van der Lee, Theo A J;Netherlands
Marino, Mary C;United States
Earl, Joshua P;United States
Ehrlich, Rachel L;United States
Cramer, Nicholas A;United States
Mell, Joshua C;United States
Sen, Bhaswati;United States
Ahmed, Azad;United States
Marconi, Richard T;United States
Ehrlich, Garth D;United States
Ortega-Sanz, Irene;Spain
Rovira, Jordi;Spain
Melero, Beatriz;Spain
Lin, Mao-Jan;United States
Safonova, Yana;United States
Matsumoto, Takashi;Japan
Akada, Junko;Japan
Yamaoka, Yoshio;Japan
Stritt, Christoph;Switzerland
Gagneux, Sebastien;Switzerland
Wu, Haolin;China
Liu, Jianquan;China
Karampatakis, Theodoros;Ireland
Tsergouli, Katerina;Ireland
Behzadi, Payam;Iran, Islamic Republic of
Majernik, Stephanie N;United States
Beaver, Larry;United States
Bradley, Patrick H;United States
Lu, Huimin;China
Carvalho, João Victor R P;Brazil
Van Etten, James L;United States
Dunigan, David D;United States
Rodrigues, Rodrigo A L;Brazil
De Maayer, Pieter;South Africa
Smits, Theo H M;Switzerland
Coutinho, Teresa A;South Africa
Azam, Sarwar;India
Zaidi, Sani-E-Zehra;Canada
Zaheer, Rahat;Canada
Zovoilis, Athanasios;Canada
Van Domselaar, Gary;Canada
McAllister, Tim A;Canada
Olivos-Caicedo, Kelly Y;Brazil
Daniel, Steven L;United States
Anantharaman, Karthik;United States
Ridlon, Jason M;United States
Alves, João M P;Brazil
Khang, Luu Tang Phuc;Thailand
Dinh-Hung, Nguyen;United States
Souza, Valeria;Mexico
Chen, Shuai;China
Chai, Kun;China
Zhang, Qing;China
Kong, Weilong;China
Qu, Shenyang;China
Zhang, Fan;China
Zhang, Xingtan;China
Tai, Helen H;Canada
Strömvik, Martina V;Canada
Fernie, Alisdair R;Germany
Di Vittori, Valerio;Italy
Nanni, Laura;Italy
Bitocchi, Elena;Italy
Bellucci, Elisa;Italy
Pieri, Alice;Italy
Papa, Roberto;Italy
Rosen, Benjamin D;United States
Van Tassell, Curtis P;United States
Zhang, Zhe;China
Smith, Timothy P L;United States
Liu, Jiaxin;China
Mo, Dongxin;China
Luo, Lingyun;China
Shi, Yilong;China
Xu, Songsong;China
Klepa, Milena Serenato;Brazil
Hungria, Mariangela;Brazil
Wang, Yi;China
Xu, Xuefeng;China
Han, Zhenhai;China
Lu, Hengyun;China
Zhao, Yan;China
Wei, Xinghua;China
Wang, Ahong;China
Wang, Yongchun;China
Zhan, Qilin;China
Fan, Danlin;China
Zhou, Congcong;China
Lu, Yiqi;China
Tian, Qilin;China
Weng, Qijun;China
Feng, Qi;China
Huang, Tao;China
Zhang, Lei;China
Wang, Ziqun;China
Huang, Xuehui;China
Zhao, Qiang;China
Han, Bin;China
Walkemeier, Birgit;Germany
Huettel, Bruno;Germany
Schneeberger, Korbinian;Germany
Wang, Meng;China
Wang, Shuyi;China
Wang, Hui;China
Bai;China
Liu, Jian-Feng;China
Breiman, Robert F;United States
Cornick, Jennifer E;United Kingdom
Everett, Dean B;Unknown
Sahu, Abhisek;India
Pandey, Naveen Kumar;India
Neupane, Mahesh;United States
Gandham, Ravi Kumar;India
Rath, Subha Narayan;India
Majumdar, Subeer S;India
Jiang, Meiye;China
Qian, Qiheng;China
Zeng, Jingyao;China
Frias-De-Diego, Alba;United States
Jara, Manuel;United States
Lanzas, Cristina;United States
Smith, Byron J;United States
Zhao, Chunyu;United States
Pollard, Katherine S;United States
Kaur, Amandeep;United States
Adhikari, Tika B;United States
Louws, Frank J;United States
Huang, Ying;Germany
Li, Xiuli;China
Song, Bo;China
Cheng, Shifeng;China
Yang, Longbo;China
He, Wenchuang;China
Zhu, Yiwang;China
Lv, Yang;China
Li, Yilin;China
Zhang, Qianqian;China
Liu, Yifan;China
Wang, Tianyi;China
Wei, Hua;China
Cao, Xinglan;China
Zhang, Bin;China
Chen, Wu;China
He, Huiying;China
Wang, Xianmeng;China
Chen, Dandan;China
Liu, Congcong;China
Shi, Chuanlin;China
Liu, Xiangpei;China
Xu, Qiang;China
Yuan, Qiaoling;China
Yu, Xiaoman;China
Qian, Hongge;China
Li, Xiaoxia;China
Zhang, Bintao;China
Leng, Yue;China
Zhang, Zhipeng;China
Dai, Xiaofan;China
Guo, Mingliang;China
Qian, Qian;China
Shang, Lianguang;China
Zanini, Silvia F;Germany
Kopalli, Venkataramana;Germany
Viana, Marcus Vinícius Canário;Brazil
Rodrigues, Diego Lucas Neres;Brazil
Aburjaile, Flavia Figueira;Brazil
da Costa, Mateus Matiuzzi;Brazil
Brenig, Bertram;Germany
Soares, Siomar;Brazil
Azevedo, Vasco;Brazil
van Westerhoven, Anouk C;Netherlands
Wissink, Kyran;Netherlands
Kema, Gert H J;Netherlands
Seidl, Michael F;Netherlands
Han, Hyunho;Korea, Democratic People's Republic of
Zhou, Huijuan;China
Ye, Hang;China
Zhao, Peng;China
Nedashkovskaya, Olga;Russian Federation
Bystritskaya, Evgenia;Russian Federation
Zhukova, Natalia;Russian Federation
Eremeev, Viacheslav;Russian Federation
Isaeva, Marina;Russian Federation
Miao, Jian;China
Wang, Qishan;China
Pan, Yuchun;China
Fatima, Kinza;United States
Rao, Muhammad Junaid;China
Zhu, Xi-Tong;China
Zhu, Mingjia;China
Wu, Ying;China
Dai, Yueting;China
Li, Yu;China
Ni, Wei;China
Hu, Shengwei;China
Powell, Evan;United States
Balashov, Sergey;United States
Mell, Joshua Chang;United States
Moller, Abraham G;United States
Read, Timothy D;United States
Guarracino, Andrea;United States
Villani, Flavia;United States
Chen, Hao;United States
Pravenec, Michal;Czechia
Prins, Pjotr;United States
Williams, Robert W;United States
Bigey, Frédéric;France
Devillers, Hugo;France
Neuvéglise, Cécile;France
Groza, Cristian;Canada
Cheung, Warren A;United States
Bourque, Guillaume;Canada
Li, Qiuhui;United States
Wagner, Justin;United States
Sedlazeck, Fritz J;United States
Zook, Justin M;United States
Kolmogorov, Mikhail;United States
Schatz, Michael C;United States
Yu, Xiaofen;China
Qu, Minghao;China
Wu, Pan;China
Zhou, Miao;China
Lai, Enhui;China
Guo, Sumin;China
Li, Shan;China
Yao, Xiaohong;China
Gao, Lei;China
Renukadevi, P;India
Nakkeeran, S;India
Alkahtani, Saad;Saudi Arabia
Liu, Rong;China
Li, Mengwei;China
Chen, Liyang;China
Jiao, Chengzhi;China
Xiang, Chao;China
Wang, Dong;China
Ding, Hanfeng;China
Liu, Yujiao;China
He, Yuhua;China
Zong, Xuxiao;China
Yang, Tao;China
Olbrich, Jannik;Germany
Büchler, Thomas;Germany
Ohlebusch, Enno;Germany
Kremer, Frederico Schmitt;Brazil
Dellagostin, Odir Antônio;Brazil
Mukhopadhya, Indrani;United Kingdom
Kumari, Kiran;India
Sinha, Ayushi;India
Sharma, Parva Kumar;United States
Singh, Rajnish Prakash;India
Xu, Li-Na;China
Kong, Xiang-Dong;China
Fitzgerald, Blaine;Unknown
Hendelman, Anat;Unknown
Lippman, Zachary B;Unknown
Ahmed, Omar Y;Unknown
Versoza, Cyril J;United States
Ehmke, Erin E;United States
Jensen, Jeffrey D;United States
Pfeifer, Susanne P;United States
Jenike, Katharine M;United States
Ramakrishnan, Srividya;United States
Alonge, Michael;United States
Wang, Xingang;United States
Ou, Shujun;United States
Goodwin, Sara;United States
McCombie, W Richard;United States
Horsfield, Samuel T;United Kingdom
Lees, John A;United Kingdom
Croucher, Nicholas J;United Kingdom
Ward, Rachel R;United States
Green, Tomomi;United States
Emms, Madeleine;Italy
Colonna, Vincenza;United States
Zepeda-Rivera, Martha A;Unknown
Jones, Dakota S;Unknown
McMahon, Elsa F;Unknown
Johnston, Christopher D;Unknown
Kovaka, Sam;United States
Guo, Li;China
Ayhan, Dilay Hazal;China
Jiao, Jian;China
Chen, Shaoying;China
Sun, Jie;China
Qin, Guochen;China
Deng, Xing Wang;China
Ye, Manhong;China
Jiang, Yinhong;China
Han, Qiannan;China
Miga, Karen H;Unknown
Hurtado, Ana;Spain
Ocejo, Medelin;Spain
Marimón, José María;Spain
Hong, Hyunhee;United States
Kim, Eiseul;United States
Yang, Seung Min;United States
Kim, Hyun Jung;Korea, Democratic People's Republic of
Park, Si Hong;United States
Secomandi, Simona;United States
Gallo, Guido Roberto;Italy
Rossi, Riccardo;Italy
Rodríguez Fernandes, Carlos;Portugal
Jarvis, Erich D;United States
Bonisoli-Alquati, Andrea;United States
Gianfranceschi, Luca;Italy
Formenti, Giulio;United States
Rahman, Md Morshedur;Bangladesh
Siddique, Naim;Bangladesh
Gilman, Md Abu Ahsan;Bangladesh
Hasnat, Soharth;Bangladesh
Haider, Md Golam;Bangladesh
Talukder, Anup Kumar;Bangladesh
Rahman, Abu Nasar Md Aminoor;Bangladesh
Islam, Tofazzal;Bangladesh
Das, Ziban Chandra;Bangladesh
Hoque, M Nazmul;Bangladesh
Ayangbenro, Ayansina Segun;South Africa
Babalola, Olubukola Oluranti;South Africa
Haro-Moreno, Jose M;Spain
López-Pérez, Mario;Spain
Bach, Evelise;Brazil
Passaglia, Luciane Maria Pereira;Brazil
Cauet, Stéphane;France
Rodde, Nathalie;France
Koper, Piotr;Poland
Żebracki, Kamil;Poland
Mazur, Andrzej;Poland
Zhang, Zijun;China
Chen, Qiankun;China
Xu, Xizhan;China
Wei, Zhenyu;China
Zhang, Yang;China
Chen, Kexin;China
Wang, Zhiqun;China
Lu, Xinxin;China
Liang, Qingfeng;China
Egli, Adrian;Switzerland
Guo, Wenbin;United Kingdom
Schreiber, Miriam;United Kingdom
Jørgensen, Morten Egevang;Denmark
Dockter, Christoph;Denmark
Langridge, Peter;Australia
Lu, Qiongxian;Denmark
Muehlbauer, Gary J;United States
Padmarasu, Sudharsan;Germany
Pedas, Pai Rosager;Denmark
Pillen, Klaus;Germany
Schmutzer, Thomas;Germany
Scholz, Uwe;Germany
Schüler, Danuta;Germany
Skadhauge, Birgitte;Denmark
Voss, Cynthia;Denmark
Wonneberger, Ronja;United Kingdom
Zhang, Guoping;China
Bayer, Micha;United Kingdom
Simpson, Craig;United Kingdom
Zhang, Runxuan;United Kingdom
Waugh, Robbie;United Kingdom
O'Brien, Bridget;Canada
Jung, Dongyun;Canada
Dufour, Simon;Canada
Ronholm, Jennifer;Canada
Ruperao, Pradeep;India
Rathore, Abhishek;Kenya
Pandey, Manish K;India
Yu, Yingyan;China
Jia, Xinmiao;China
Yan, Jun;China
Cheng, Lin;China
Wang, Nan;China
Bao, Zhigui;China
Zhang, Zhiyang;China
Wu, Yaoyao;China
Zhou, Yao;China
Lian, Qun;China
Städler, Thomas;Switzerland
Huang, Sanwen;China
Zhao, Yibing;China
Yu, Shubo;China
Wang, Zhi;China
Huang, Zhenying;China
Song, Jiangbo;China
Tan, Duan;China
Zhou, Lei;China
Han, Minjin;China
Hu, Hai;China
Tong, Xiaoling;China
Dai, Fangyin;China
Sbissi, Imed;Tunisia
Ghodhbane-Gtari, Faten;Tunisia
Gtari, Maher;Tunisia
Mohite, Omkar S;Denmark
Phaneuf, Patrick V;Denmark
Weber, Tilmann;Denmark
Palsson, Bernhard O;Denmark
Michaud, Monia;United States
Franzosa, Eric A;United States
Huttenhower, Curtis;United States
Garrett, Wendy S;United States
Miao, Zepu;China
Yue, Jia-Xing;China
Yin, Zhiqiu;China
Du, Yuhui;China
Jung, Jaehoon;Korea, Democratic People's Republic of
Kim, Heebal;Korea, Democratic People's Republic of
Passarelli-Araujo, Hemanoel;United States
Venancio, Thiago M;Brazil
Kantachote, Duangporn;Thailand
Tekutyeva, Liudmila;Russian Federation
Balabanova, Larissa;Russian Federation
Zhou, Qinghui;Canada
Ghezelji, Mazyar;Canada
Hari, Ananth;United States
Ford, Michael K B;United States
Holley, Connor;Canada
Sahinalp, S Cenk;United States
Numanagić, Ibrahim;Canada
de Haan, Jorn R;Netherlands
Berke, Lidija;Netherlands
Gomes, Donald James;Bangladesh
Thomas, William J W;Australia
Chauhan, Siddharth M;United States
Ardalani, Omid;Denmark
Hyun, Jason C;United States
Monk, Jonathan M;United States
Li, Dong;China
Bae, Jin-Woo;Korea, Democratic People's Republic of
Steven, Ray;Indonesia
Natanael, Yosua;Indonesia
Nugrahapraja, Husna;Indonesia
Kristianti, Tati;Indonesia
Moeis, Maelita R;Indonesia
Dwijayanti, Ari;Indonesia
Humaira, Zalfa;Korea, Democratic People's Republic of
Chahyadi, Agus;Indonesia
Priharto, Neil;Indonesia
Kamarisima;Indonesia
Segata, Nicola;Italy
Dewhirst, Floyd E;United States
Zhang, Lingkui;China
Chen, Shumin;China
Zhang, Kang;China
Cheng, Feng;China
Abrouk, Michael;Saudi Arabia
Leonard, Alexander S;Switzerland
Mapel, Xena Marie;Switzerland
Pausch, Hubert;Switzerland
Shuvo, Sabbir R;Bangladesh
Jabeen, Ishrat;Bangladesh
Islam, Sohidul;Bangladesh
Salgado-Morales, Rosalba;Mexico
Dantán-González, Edgar;Mexico
Rivera-Ramírez, Abraham;Mexico
Rubio, Alejandro;Spain
Pérez-Pulido, Antonio J;Spain
Kantor, Ella Joy H;Canada
Tolman, Jennifer;Canada
Du, Pengcheng;China
Li, Zhenpeng;China
Peng, Yao;China
Lu, Xin;China
Kan, Biao;China
Bian, Peipei;China
Gong, Mian;China
Cai, Yudong;China
Yang, Qimeng;China
Luo, Funong;China
Shah, Ali Mujtaba;China
Lenstra, Johannes A;Netherlands
Li, Ran;China
Wang, Xihong;China
Ciccolella, Simone;Italy
Della Vedova, Gianluca;Italy
Bonizzoni, Paola;Italy
Denti, Luca;Italy
Al-Mamun, Hawlader A;Australia
Liu, Shengyi;China
Parkin, Isobel A P;Canada
Sharpe, Andrew G;Canada
Azevedo, Vasco Ariston de Carvalho;Brazil
Soares, Siomar de Castro;Brazil
Matlock, William;United Kingdom
Shaw, Liam P;United Kingdom
Stoesser, Nicole;United Kingdom
Jones, Darcy A B;Australia
Rybak, Kasia;Australia
Bertazzoni, Stefania;Australia
Tan, Kar-Chun;Australia
Hane, James K;Australia
Parmigiani, Luca;Germany
Stoye, Jens;Germany
Doerr, Daniel;Germany
De Filippis, Francesca;Italy
Pasolli, Edoardo;Italy
Ercolini, Danilo;Italy
Aziz, Tariq;China
Naveed, Muhammad;Pakistan
Shabbir, Muhammad Aqib;Pakistan
Sarwar, Abid;China
Bhuiyan, Taufiqur R;Bangladesh
Xie, Xiaoming;China
Hao, Chenyang;China
Wang, Zihao;China
Guo, Weilong;China
Zhang, Xueyong;China
Liang, Suisha;China
Cunha-Ferreira, I C;Brazil
Vizzotto, C S;Brazil
Tótola, M R;Brazil
Krüger, R H;Brazil
Peixoto, J;Brazil
Mudge, Jonathan M;United Kingdom
Carbonell-Sala, Sílvia;Spain
Diekhans, Mark;United States
Martinez, Jose Gonzalez;United Kingdom
Hunt, Toby;United Kingdom
Jungreis, Irwin;United States
Loveland, Jane E;United Kingdom
Arnan, Carme;Spain
Barnes, If;United Kingdom
Bennett, Ruth;United Kingdom
Berry, Andrew;United Kingdom
Bignell, Alexandra;United Kingdom
Cerdán-Vélez, Daniel;Spain
Davidson, Claire;United Kingdom
Donaldson, Sarah;United Kingdom
Dursun, Cagatay;United States
Fatima, Reham;United Kingdom
Hardy, Matthew;United Kingdom
Hollis, Zoe;United Kingdom
Johnson, Rory;Switzerland
Kay, Mike;United Kingdom
Gómez, Laura Martínez;Spain
Ni, Pengyu;United States
Pozo, Fernando;Spain
Raj, Shriya;United Kingdom
Sisu, Cristina;United States
Steed, Emily;United Kingdom
Sumathipala, Dulika;United Kingdom
Suner, Marie-Marthe;United Kingdom
Uszczynska-Ratajczak, Barbara;Poland
Wass, Elizabeth;United Kingdom
Yang, Yucheng T;United States
Finn, Robert D;United Kingdom
Hubbard, Tim J P;United Kingdom
Kellis, Manolis;United States
Kundaje, Anshul;United States
Tress, Michael L;Spain
Martin, Fergal J;United Kingdom
Frankish, Adam;United Kingdom
Mahadevan, Radhakrishnan;Canada
Hamilton, John P;United States
Buell, C Robin;United States
Chen, Wei;China
Shu, Shengqiang;United States
Pires, J Chris;United States
Edger, Patrick P;United States
Bunk, Boyke;Germany
Chalmers, Kenneth J;Australia
Keller, Beat;Switzerland
Perovic, Dragan;Germany
Pozniak, Curtis J;Canada
Wicker, Thomas;Switzerland
Du, Heng;China
Pain, Arnab;Saudi Arabia
Chaidez, Cristóbal;Mexico
Castro-Del Campo, Nohelia;Mexico
Zeng, Zhanghui;China
Lawal, Opeyemi U;Canada
Marsh, Jacob I;United States
Danilevicz, Monica F;Australia
Xu, Yuan;China
Zhang, Xinmiao;China
Liu, Zhenyu;China
Xu, Naiyi;China
Wang, Fei;China
Wang, Bo;China
Cho, Eui-Sang;Korea, Democratic People's Republic of
Cha, In-Tae;Korea, Democratic People's Republic of
Lee, Ki-Eun;Korea, Democratic People's Republic of
Seo, Myung-Ji;Korea, Democratic People's Republic of
Wang, Hongru;China
Rana, Rekha;India
Madhavan, Vishnu Narayanan;India
Korpole, Suresh;India
Sonti, Ramesh V;India
Patel, Hitendra K;India
Patil, Prabhu B;India
Avila Cartes, Jorge;Italy
Liu, Zhongjie;China
Long, Qiming;China
Cao, Shuo;China
Xue, Hui;China
Cao, Xuejing;China
Liu, Zhenya;China
Young, Mark G;United States
Straub, Timothy J;United States
Worby, Colin J;United States
Metsky, Hayden C;United States
Gnirke, Andreas;United States
Bronson, Ryan A;United States
van Dijk, Lucas R;United States
Desjardins, Christopher A;United States
Matranga, Christian;United States
Qu, James;United States
Villicana, Jesús Bazan;United States
Azimzadeh, Philippe;United States
Kau, Andrew;United States
Dodson, Karen W;United States
Schreiber, Henry L;United States
Manson, Abigail L;United States
Hultgren, Scott J;United States
Earl, Ashlee M;United States
Li, Jianying;China
Liu, Zhenping;China
Qi, Zhengyang;China
You, Jiaqi;China
Long, Yuexuan;China
Huang, Xianhui;China
Guo, Mingxin;China
Wang, Huan;China
Yan, Jianbin;China
Zhao, Xusheng;China
Liti, Gianni;France
Fischer, Gilles;France
Li, Jing;China
Schranz, M Eric;Netherlands
Yokoyama, Toshiyuki T;Japan
Narzisi, Giuseppe;United States
Ning, Kang;China
Lu, Yan;China
Liu, Dongqi;China
Kong, Xiangjiu;China
Song, Yang;China
Jing, Lan;China
Caicedo-Montoya, Carlos;Colombia
Ríos-Estepa, Rigoberto;Colombia
Behera, Sairam;United States
Marston, Chung K;United States
Gulvik, Christopher A;United States
Gee, Jay E;United States
Bell, Melissa E;United States
McQuiston, John R;United States
Li, Ming;China
Heumos, Simon;Germany
Tattini, Lorenzo;France
Hagmann, Jörg;Germany
Marco-Sola, Santiago;Spain
Ashbrook, David G;United States
Thorell, Kaisa;Sweden
Rusholme-Pilcher, Rachel L;United Kingdom
Rudbeck, Emilio;Sweden
Nahnsen, Sven;Germany
Mwaniki, Moses Njagi;Italy
Nobrega, Franklin L;United Kingdom
de Ligt, Joep;Netherlands
Soranzo, Nicole;Italy
Chikhi, Rayan;France
Dufresne, Yoann;France
Yang, Xiaofei;China
Ye, Kai;China
Sackett, Peter Wad;Denmark
Renaud, Gabriel;Denmark
Ghatak, Sandeep;India
Milton, Arockiasamy Arun Prince;India
Das, Samir;India
Srinivas, Kandhan;India
Pyngrope, Daniel Aibor;India
Goubert, Clément;Canada
Vaillancourt, Brieanne;United States
Zhang, Mujie;China
Chen, Baozhu;China
Yu, Zhanpeng;China
Liang, Jiaxin;China
Tian, Xiaoyan;China
Deng, Xiaoyan;China
Peng, Liang;China
Udaondo, Zulema;United States
Schmelzle;Unknown
Aurongzeb, Muhammad;Pakistan
Irfan, Muhammad;Pakistan
Rashid, Yasmeen;Pakistan
Cortinovis, Gaia;Italy
Vincenzi, Leonardo;Italy
Anderson, Robyn;Australia
Marturano, Giovanni;Italy
Marsh, Jacob Ian;Australia
Bayer, Philipp Emanuel;Australia
Rocchetti, Lorenzo;Italy
Frascarelli, Giulia;Italy
Lanzavecchia, Giovanna;Italy
Benazzo, Andrea;Italy
Ferreira Fernández, Juan José;Spain
Rossato, Marzia;Italy
Aguilar, Orlando Mario;Argentina
Morrell, Peter Laurent;United States
Rodriguez, Monica;Italy
Gioia, Tania;Italy
Neumann, Kerstin;Germany
Alvarez Diaz, Juan Camilo;France
Gratias, Ariane;France
Geffroy, Valérie;France
Delledonne, Massimo;Italy
Liu, Dongxu;China
Luo, Chengfang;China
Qian, Chengqian;China
Chen, Tingjian;China
Wang, Mingshu;China
Jia, Renyong;China
Chen, Shun;China
Liu, Mafeng;China
Zhu, Dekang;China
Zhao, Xinxin;China
Yang, Qiao;China
Cheng, Anchun;China
Zhang, Shaqiu;China
Huang, Yujie;China
Zhu, Qian-Hao;Australia
Fan, Longjiang;China
Shen, Enhui;China
Heuberger, Matthias;Switzerland
Cai, Kangfeng;China
Yue, Wenhao;China
Wang, Junmei;China
Chen, Jiaying;China
Ambroset, Chloé;France
Tardy, Florence;France
Gurbich, Tatiana A;United Kingdom
Iqbal, Zamin;United Kingdom
Roberts, Leah W;United Kingdom
Lyu, Keliang;China
Liu, Renyi;China
Erickson, David L;United States
Ungaro, Matteo Tommaso;United States
Thorgersen, Michael P;United States
Goff, Jennifer L;United States
Trotter, Valentine V;United States
Arkin, Adam P;United States
Deutschbauer, Adam M;United States
Adams, Michael W W;United States
Dong, Yang;China
Qiu, Yinjie;United States
Hirsch, Candice N;United States
Hung, Tsung-Kai;Taiwan, Province of China
Lai, Sheng-Kai;Taiwan, Province of China
Chuang, Hui-Wen;Taiwan, Province of China
Chen, Chien-Yu;Taiwan, Province of China
Yang, Ya-Chien;Taiwan, Province of China
Hsu, Jacob Shujui;Taiwan, Province of China
Chen, Pei-Lung;Taiwan, Province of China
Kim, Hye-Seon;United States
Haley, Olivia C;United States
Harding, Stephen;United States
Woodhouse, Margaret R;United States
Andorf, Carson M;United States
Masignani, Vega;Italy
Rappuoli, Rino;Italy
Pizza, Mariagrazia;United Kingdom
Bolognini, Davide;Italy
Halgren, Alma;United States
Raveane, Alessandro;Italy
Rinker, David C;United States
Steffen, Karin;United States
Raja, Huzefa A;United States
Rangel-Grimaldo, Manuel;United States
Pinzan, Camila Figueiredo;Brazil
de Castro, Patrícia Alves;Brazil
Dos Reis, Thaila Fernanda;Brazil
Delbaje, Endrews;Brazil
Houbraken, Jos;Netherlands
Goldman, Gustavo H;Brazil
Oberlies, Nicholas H;United States
Do, Van Hoan;Viet Nam
Nguyen, Son Hoang;Viet Nam
Le, Duc Quang;Viet Nam
Nguyen, Tam Thi;Viet Nam
Nguyen, Canh Hao;Japan
Ho, Tho Huu;Viet Nam
Vo, Nam S;Viet Nam
Nguyen, Trang;Viet Nam
Nguyen, Hoang Anh;Viet Nam
Cao, Minh Duc;Viet Nam
Bonnici, Vincenzo;Italy
Gheorghe-Barbu, Irina;Romania
Gureeva, Maria V;Russian Federation
Ravin, Nikolai V;Russian Federation
Grabovich, Margarita Yu;Russian Federation
Kumar, Narender;United Kingdom
Hawkins, Paulina A;United States
McGee, Lesley;United States
Bentley, Stephen D;United Kingdom
Lo, Stephanie W;United Kingdom
Tiwari, Vijay K;United States
Poland, Jesse;Saudi Arabia
Levesque, Roger C;Canada
Sun, Honghe;United States
Wang, Yuexing;China
Zheng, Xiaoming;China
Xiong, Guosheng;China
Wang, Zhongjie;Germany
Schloter, Michael;Germany
Alcaraz, Luis David;Mexico
Gladstone, Rebecca A;Norway
Willems, Rob J L;Netherlands
Pensar, Johan;Norway
Tonkin-Hill, Gerry;Norway
Vale, Filipa F;Portugal
Jolley, Keith A;United Kingdom
Brueggemann, Angela B;United Kingdom
Harrison, Odile B;United Kingdom
Maiden, Martin C J;United Kingdom
Rojas-Vargas, Jorge;Mexico
Lui, Lauren M;United States
Nielsen, Torben N;United States
Hendrickson, Andrew J;United States
Fields, Matthew W;United States
Chakraborty, Romy;United States
Bhattacharya, Anupam;India
Mukherjee, Ashis K;India
Wu, Jian;China
Wang, Xiaowu;China
Bystritskaya, Evgeniya;Russian Federation
Otstavnykh, Nadezhda;Russian Federation
Whitworth, David E;United Kingdom
Magome, Thuto Gomolemo;South Africa
Lekota, Kgaugelo Edward;South Africa
Tagg, Kaitlin A;United States
Webb, Hattie E;United States
de la Cruz, Fernando;Spain
Basheer, Amina;Pakistan
Faheem, Muhammad;United States
Diancourt, Laure;France
Neubauer, Heinrich;Germany
Seyboldt, Christian;Germany
Hurgobin, Bhavna;Australia
Xiang, Ying;China
Zhu, Kunpeng;China
Min, Kaiyuan;China
Zhang, Yaowen;China
Liu, Jiangfeng;China
Liu, Kangkang;China
Han, Yiran;China
Li, Xinge;China
Du, Xinying;China
Li, Xinping;China
Peng, Yuqian;China
Yang, Chaojie;China
Liu, Hongbo;China
Li, Xiaoying;China
Wang, Chao;China
Jia, Huiqun;China
Yang, Mingjuan;China
Wang, Ligui;China
Wu, Yarong;China
Cui, Yujun;China
Yang, Haiyan;China
Baker, Stephen;United Kingdom
Xu, Xuebin;China
Yang, Juntao;China
Song, Hongbin;China
Qiu, Shaofu;China
Rigouts, Leen;Belgium
Utpatel, Christian;Germany
Niemann, Stefan;Germany
de Jong, Bouke C;Belgium
Stanhope, Michael J;United States
Hayes, Andrew J;Australia
Davies, Mark R;Australia
Bosi, Emanuele;Italy
Biswas, Rhitam;India
Swetha, Rayapadi G;India
Basu, Soumya;India
Roy, Aditi;India
Ramaiah, Sudha;India
Deng, Weidong;China
Barcia-Cruz, Rubén;Spain
Balboa, Sabela;Spain
Lema, Alberto;Spain
Romalde, Jesús L;Spain
Zhang, Yilin;China
Han, Xue;China
He, Hang;China
Li, Jiajie;United States
Zhang, Zhiru;United States
Wang, Wenxi;China
Miao, Lingfeng;China
Yang, Zhengzhao;China
Xie, Chaojie;China
Xin, Mingming;China
Peng, Huiru;China
Yao, Yingyin;China
Liu, Jie;China
Ni, Zhongfu;China
Sun, Qixin;China
Zhang, Biliang;China
Zhang, Ziding;China
Tian, Chang-Fu;China
Socarras, Kayla M;Unknown
Raghuram, Vishnu;United States
Petit, Robert A;United States
Karol, Zach;United States
Mehta, Rohan;United States
Weissman, Daniel B;United States
Oles, Renee E;United States
Loomis, Luke R;United States
Hsu, Chia-Yun;United States
Tribelhorn, Caitlin;United States
Bryant, MacKenzie;United States
Carrow, Hannah C;United States
Sandborn, William J;United States
Sivagnanam, Mamata;United States
Pride, David;United States
Chu, Hiutung;United States
Chac, Denise;United States
Dunmire, Chelsea N;United States
Tandoc, Kristine M;United States
Chowdhury, Fahima;Bangladesh
Harris, Jason B;United States
LaRocque, Regina C;United States
Calderwood, Stephen B;United States
Ryan, Edward T;United States
Weil, Ana A;United States
Kaur, Jasvinder;India
Verma, Helianthous;India
Kaur, Jaspreet;India
Lata, Pushp;India
Lal, Rup;India
Lin;China
Hu;China
Wu;China
Liu;China
Li;China
Liang;China
Yang;China
Kristiansen;China
Xiao;China
Zou;China
Meng, Minghui;China
Wen, Weiwei;China
Wang, Kejun;China
Li, Jingyi;China
Zhang, Chenxi;China
Yang, Lan;China
Jiang, Ruirui;China
Sun, Guirong;China
Tian, Yadong;China
Kang, Xiangtao;China
Li, Wenting;China
Zhang, Tianyu;China
Islam, Mohammad Mazharul;United States
Kolling, Glynis L;United States
Glass, Emma M;United States
Goldberg, Joanna B;United States
Papin, Jason A;United States
Zhou, Aifen;China
Clark, Justin R;United States
Xing, Yikun;United States
Vaughan, Ellen E;United States
Maresso, Anthony W;United States
Schulz, Tizian;Germany
Zhao, Yang;China
Xu, Lian;China
Sun, Ji-Quan;China
Khan, Aamir W;India
Sun, Shuai;China
Gupta, Saurabh;Australia
Dudchenko, Olga;United States
Roorkiwal, Manish;India
Shi, Chengcheng;China
Upadhyaya, Hari D;India
Bohra, Abhishek;Australia
Bharadwaj, Chellapilla;India
Mir, Reyazul Rouf;India
Baruch, Kobi;Israel
Coyne, Clarice J;United States
Bansal, Kailash C;India
Ronen, Gil;Israel
Aiden, Erez Lieberman;United States
Veneklaas, Erik;Australia
Ramsbottom, Kerry A;United Kingdom
Prakash, Ananth;United Kingdom
Camacho, Oscar Martin;United Kingdom
Sun, Zhi;United States
Kundu, Deepti J;United Kingdom
Bowler-Barnett, Emily;United Kingdom
Martin, Maria;United Kingdom
Fan, Jun;United Kingdom
Chebotarov, Dmytro;Philippines
McNally, Kenneth L;Philippines
Deutsch, Eric W;United States
Vizcaíno, Juan Antonio;United Kingdom
Jones, Andrew R;United Kingdom
Kinch, Lisa N;United States
Grishin, Nick V;United States
Tian, Xuechen;Malaysia
Teo, Wee Fei Aaron;Malaysia
Yang, Yixin;China
Ahmed, Halah;United Kingdom
Choo, Siew Woh;China
Jakubovics, Nicholas S;United Kingdom
Tan, Geok Yuan Annie;Malaysia
Hu, Zhaorong;China
Duduk, Bojan;Serbia
Kube, Michael;Germany
Soares, Siomar C;Brazil
Allard, Marc W;United States
Falcão, Juliana P;Brazil
Cantu, Dario;United States
Massonnet, Mélanie;United States
Cochetel, Noé;United States
Castelán-Sánchez, Hugo G;Mexico
Vassallo, Christopher N;United States
Doering, Christopher R;United States
Littlehale, Megan L;United States
Teodoro, Gabriella I C;United States
Laub, Michael T;United States
Deb, Sushanta;United States
Ali, Amjad;Pakistan
Waseem, Maaz;Pakistan
González-Díaz, Aida;Spain
Grau, Inmaculada;Spain
Cercenado, Emilia;Spain
Casabella, Antonio;Spain
Larrosa, Nieves;Spain
Yuste, José;Spain
Berbel, Dàmaris;Spain
Tubau, Fe;Spain
Martín-Galiano, Antonio J;Spain
Domínguez, M Ángeles;Spain
Martí, Sara;Spain
Càmara, Jordi;Spain
Ardanuy, Carmen;Spain
Wang, Qian;China
Zhang, Yiju;China
Chen, Rui;China
Zhang, Lixin;China
Wang, Xia;China
Ren, Hongguang;China
Jin, Yuan;China
Yue, Junjie;China
Yahara, Hiroko;Japan
Maruoka, Yutaka;Japan
Yahara, Koji;Japan
Yang, Ming-Ren;Taiwan, Province of China
Wu, Yu-Wei;Taiwan, Province of China
Ni, Jiangping;China
Stanton, Catherine;Ireland
Bajaj, Prasad;India
Agarwal, Gaurav;United States
Dutta, Bhabesh;United States
Gao, Feng;China
Didelot, Xavier;United Kingdom
Pirola, Yuri;Italy
Poole, Farris L;United States
Vergara, Candelaria;United States
Kenny, Eimear E;United States
Li, Zhikang;China
Xu, Jianlong;China
Wang, Wensheng;China
He, Xin;China
Nielsen, Flemming Damgaard;Denmark
Møller-Jensen, Jakob;Denmark
Jørgensen, Mikkel Girke;Denmark
Ma, Jie;China
Guo, Longbiao;China
Kogay, Roman;United States
Wolf, Yuri I;United States
Koonin, Eugene V;United States
Moya-Beltrán, Ana;Chile
Quatrini, Raquel;Chile
Narsing Rao, Manik Prabhu;Chile
Singh, Ram Nageena;United States
Papke, R Thane;United States
Zhang, Haiyan;China
Zheng, Xiangkuan;China
Liu, Meihan;China
Zhang, Shaohong;China
Yang, Wu;China
Dong, Jingfang;China
Zhou, Lian;China
Chen, Jiansong;China
Cannon, Ethalinda K;United States
Portwood, John L;United States
Hayford, Rita K;United States
Gardiner, Jack M;United States
Grizon, Anna;France
Helinck, Sandra;France
Gerber, Pauline;France
Bonnarme, Pascal;France
Chassard, Christophe;France
Park, Sunho;Korea, Democratic People's Republic of
Kim, Inhyup;Korea, Democratic People's Republic of
Chhetri, Geeta;Korea, Democratic People's Republic of
Jung, Yonghee;Korea, Democratic People's Republic of
Woo, Haejin;Korea, Democratic People's Republic of
Seo, Taegun;Korea, Democratic People's Republic of
Chukamnerd, Arnon;Thailand
Jeenkeawpiam, Kongpop;Thailand
Xie, Lingjuan;China
Sun, Yanqing;China
Wu, Dongya;China
Zhao, Jiantao;United States
Wu, Shan;United States
Levi, Amnon;United States
Tang, Haibao;United States
Paterson, Andrew H;United States
Rajabal, Vaheesan;Australia
Tetu, Sasha G;Australia
Gillings, Michael R;Australia
Penesyan, Anahit;Australia
Liu, Danping;China
Li, Kexin;Germany
Hu, Songnian;China
He, Zilong;China
Zhou, You;China
Tu, Teng;China
Yao, Xueping;China
Luo, Yan;China
Yang, Zexiao;China
Ren, Meishen;China
Zhang, Ge;China
Yu, Yuanyuan;China
Lu, Aiping;China
Wang, Yin;China
Paul, Sandip;India
Dong, Xu;China
Yu, Yuyun;China
Xiang, Yanghui;China
Passet, Virginie;France
Brisse, Sylvain;France
Holt, Kathryn E;Australia
Wyres, Kelly L;Australia
Radl, Viviane;Germany
Siani, Roberto;Germany
Yuan, Chao;China
Bonnie, Jessica K;United States
Mapel, Xena M;Switzerland
Bonnema, Guusje;Netherlands
Liu, Yuqing;China
Sen, Shatabdi;United States
Zhong, Chaofang;China
Hu, Gang;China
Joubert, Pierre M;United States
Krasileva, Ksenia V;United States
Shahjalal, Hussain Md;Bangladesh
Gottschalk, Marcelo;Canada
Frühling, Anja;Germany
Neumann-Schaal, Meina;Germany
Fan, Jason;United States
Khan, Jamshed;United States
Singh, Noor Pratap;United States
Pibiri, Giulio Ermanno;Italy
Patro, Rob;United States
Kim, Jong-Hwa;Korea, Democratic People's Republic of
Deng, Yang;China
Jiang, Zhu-Ming;China
Han, Xue-Fei;China
Liu, Wei-Hong;China
Liu, Rui;China
Han, Dong Min;Korea, Democratic People's Republic of
Baek, Ju Hye;Korea, Democratic People's Republic of
Choi, Dae Gyu;Korea, Democratic People's Republic of
Jeon, Che Ok;South Korea
Ferrero-Serrano, Ángel;United States
Chakravorty, David;United States
Kirven, Kobie J;United States
Assmann, Sarah M;United States
Wang, Lina;China
Ren, Zhonghai;China
Chen, Chunhua;China
Huang, Zhenzhou;China
Xiao, Yue;China
Wang, Duochun;China
Verma, Neha;India
Vemuluri, Venkata Ramana;India
Douglas, Gavin M;Canada
Raoult, Didier;France
Million, Matthieu;France
O'Brien, Katherine L;United States
Abondio, Paolo;Italy
Luiselli, Donata;Italy
Chen, Hongzhuan;China
Beavan, Alan J S;United Kingdom
Khan, Ishtiaq Ahmad;Pakistan
Joglekar, Payal;United States
Deming, Clayton;United States
Lemon, Katherine P;United States
Kong, Heidi H;United States
Conlan, Sean;United States
Hollensteiner, Jacqueline;Germany
Poehlein, Anja;Germany
Brinkhoff, Thorsten;Germany
Daniel, Rolf;Germany
Minio, Andrea;United States
Garcia, Jadran F;United States
Figueroa-Balderas, Rosa;United States
Mun, Taher;Unknown
Lan, Yanhong;China
Cao, Yu;China
Qiao, Dairong;China
Sørensen, Chris;Denmark
Hovmøller, Mogens;Denmark
Furusawa, Go;Malaysia
Gilbert, Jack A;United States
Liu, Qing;China
Wang, Ziwei;China
Schwarzacher, Trude;China
Wee, Wei Yee;Malaysia
Fang, Xiaodong;China
Wang, Haigang;China
Qiao, Zhijun;China
Yan, Feng;China
Li, Qingquan;China
Jia, Guanqing;China
Zhi, Hui;China
Tang, Sha;China
Diao, Xianmin;China
Sharma, Parul;United States
Johnson, Marcela A;United States
Mazloom, Reza;United States
Kvitko, Brian H;United States
Venter, Stephanus N;South Africa
Heath, Lenwood S;United States
Vinatzer, Boris A;United States
Shikov, Anton E;Russian Federation
Merkushova, Anastasiya V;Russian Federation
Nizhnikov, Anton A;Russian Federation
Antonets, Kirill S;Russian Federation
Ghaly, Timothy M;Australia
Paulsen, Ian T;Australia
Yocca, Alan E;United States
Platts, Adrian;United States
Alger, Elizabeth;United States
Teresi, Scott;United States
Mengist, Molla F;United States
Benevenuto, Juliana;United States
Ferrão, Luis Felipe V;United States
Jacobs, MacKenzie;United States
Babinski, Michal;United States
Magallanes-Lundback, Maria;United States
Bayer, Philipp;Australia
Golicz, Agnieszka;Germany
Humann, Jodi L;United States
Main, Dorrie;United States
Espley, Richard V;New Zealand
Chagné, David;New Zealand
Albert, Nick W;New Zealand
Montanari, Sara;New Zealand
Vorsa, Nicholi;United States
Polashock, James;United States
Díaz-Garcia, Luis;United States
Zalapa, Juan;United States
Bassil, Nahla V;United States
Munoz, Patricio R;United States
Iorizzo, Massimo;United States
Brüggemann, Holger;Denmark
Williams, Ashley N;Canada
Croxen, Matthew A;Canada
Demczuk, Walter H B;Canada
Martin, Irene;Canada
Tyrrell, Gregory J;Canada
Carter, Michelle Qiu;United States
Lo, Chien-Chi;United States
Chain, Patrick S G;United States
Xue, Ming;China
Wen, Chongqing;China
Aarestrup, Frank M;Denmark
Leekitcharoenphon, Pimlapas;Denmark
Giugno, Rosalba;Italy
Rice, Edward S;United States
Fedrigo, Olivier;United States
Warren, Wesley C;United States
Tralamazza, Sabina Moser;Switzerland
Cheng, Jianheng;China
Lin, Ruoqin;China
Liang, Xinwen;China
Khan, Kanwal;Pakistan
Jalal, Khurshid;Pakistan
Uddin, Reaz;Pakistan
Sekizuka, Tsuyoshi;Japan
Kuroda, Makoto;Japan
McLaughlin, Maeve;United States
Fiebig, Aretha;United States
Crosson, Sean;United States
Koo, Dal-Hoe;United States
Athiyannan, Naveenkumar;Saudi Arabia
Gu, Yong Q;United States
Lazo, Gerard R;United States
Nakamura, Keiji;Japan
Gotoh, Yasuhiro;Japan
Hayashi, Tetsuya;Japan
Lee-Lin, Shih-Queen;Unknown
Deming, Clay;Unknown
Kashaf, Sara Saheb;Unknown
Segre, Julia A;Unknown
Harrison, Peter W;United Kingdom
Amode, M Ridwan;United Kingdom
Azov, Andrey G;United Kingdom
Barba, Matthieu;United Kingdom
Becker, Arne;United Kingdom
Bhai, Jyothish;United Kingdom
Bhurji, Simarpreet Kaur;United Kingdom
Boddu, Sanjay;United Kingdom
Branco Lins, Paulo R;United Kingdom
Brooks, Lucy;United Kingdom
Ramaraju, Shashank Budhanuru;United Kingdom
Campbell, Lahcen I;United Kingdom
Charkhchi, Mehrnaz;United Kingdom
Chougule, Kapeel;United States
Cockburn, Alexander;United Kingdom
De Silva, Nishadi H;United Kingdom
Dodiya, Kamalkumar;United Kingdom
El Houdaigui, Bilal;United Kingdom
Giron, Carlos Garcia;United Kingdom
Genez, Thiago;United Kingdom
Grigoriadis, Dionysios;United Kingdom
Ghattaoraya, Gurpreet S;United Kingdom
Hourlier, Thibaut;United Kingdom
Kaykala, Vinay;United Kingdom
Le, Tuan;United Kingdom
Lemos, Diana;United Kingdom
Marques-Coelho, Diego;United Kingdom
Merino, Gabriela Alejandra;United Kingdom
Mirabueno, Louisse Paola;United Kingdom
Mushtaq, Aleena;United Kingdom
Hossain, Syed Nakib;United Kingdom
Ogeh, Denye N;United Kingdom
Sakthivel, Manoj Pandian;United Kingdom
Parker, Anne;United Kingdom
Perry, Malcolm;United Kingdom
Piližota, Ivana;United Kingdom
Prosovetskaia, Irina;United Kingdom
Pérez-Silva, José G;United Kingdom
Salam, Ahamed Imran Abdul;United Kingdom
Saraiva-Agostinho, Nuno;United Kingdom
Sheppard, Dan;United Kingdom
Sinha, Swati;United Kingdom
Sipos, Botond;United Kingdom
Sitnik, Vasily;United Kingdom
Stark, William;United Kingdom
Sutinen, Kyösti;United Kingdom
Tricomi, Francesca Floriana;United Kingdom
Urbina-Gómez, David;United Kingdom
Veidenberg, Andres;United Kingdom
Walsh, Thomas A;United Kingdom
Ware, Doreen;United States
Allen, Jamie;United Kingdom
Alvarez-Jarreta, Jorge;United Kingdom
Chakiachvili, Marc;United Kingdom
Flint, Bethany;United Kingdom
Giorgetti, Stefano;United Kingdom
Haggerty, Leanne;United Kingdom
Ilsley, Garth R;United Kingdom
Moore, Benjamin;United Kingdom
Tate, John;United Kingdom
Trevanion, Stephen J;United Kingdom
Winterbottom, Andrea;United Kingdom
Cunningham, Fiona;United Kingdom
Dyer, Sarah;United Kingdom
Yates, Andrew D;United Kingdom
Haussler, David;United States
Kent, W James;United States
Lu, Kunpeng;China
Shen, Jianghong;China
Zhan, Chengyu;China
Liang, Shubo;China
Tai, Shuaishuai;China
Westhof, Eric;China
Xiang, Zhonghuai;China
Han, Min-Jin;China
Ullah, Asad;Pakistan
Khan, Saifullah;Pakistan
Waheed, Yasir;Pakistan
Hassan, Muhammad;Pakistan
Muhammad, Riaz;Pakistan
Ahmad, Sajjad;Pakistan
Gunoskey, Jessica J;United States
Hofstetter, Katrina S;United States
Jacko, Natasia F;United States
Shumaker, Margot J;United States
Hu, Yi-Juan;United States
David, Michael Z;United States
Huerta-Cepas, Jaime;Spain
Figueiredo, Gonçalo;Portugal
Gomes, Margarida;Portugal
Mendo, Sónia;Portugal
Hoover, Rene L;United States
Keffer, Jessica L;United States
Polson, Shawn W;United States
Chan, Clara S;United States
Salvà-Serra, Francisco;Sweden
Fenske, Linda;Germany
Le, Ve Van;Korea, Democratic People's Republic of
Ko, So-Ra;Korea, Democratic People's Republic of
Oh, Hee-Mock;Korea, Democratic People's Republic of
Ahn, Chi-Yong;Korea, Democratic People's Republic of
Ishaq, Zaara;Pakistan
Zaheer, Tahreem;Pakistan
Ullah, Nimat;Pakistan
AlAsmari, Abdullah F;Saudi Arabia
Raman, Harsh;Australia
Bancroft, Ian;United Kingdom
Zou, Jun;China
Azeem, Farrukh;Pakistan
Alshammari, Abdulrahman;Saudi Arabia
Cao, Hengchun;China
Jung, Hyejung;Korea, Republic of
Park, Jungwook;Korea, Republic of
Seo, Young-Su;Korea, Republic of
Christin, Pascal-Antoine;United Kingdom
Dunning, Luke T;United Kingdom
Huang, Yue;China
Liu, Shengjun;China
Naithani, Sushma;United States
Jaiswal, Pankaj;United States
Hafez, Mohamed;Canada
Gourlie, Ryan;Canada
McDonald, Megan;Unknown
Moffat, Caroline S;Australia
Moolhuijzen, Paula M;Australia
See, Pao Theen;Australia
Aboukhaddour, Reem;Canada
Chow, Eric P F;Australia
Chen, Marcus Y;Australia
Hu, Dexiang;China
Nanaei, Hojjat Asadollahpour;China
Heller, Rasmus;Denmark
Alharbi, Metab;Saudi Arabia
Alasmari, Abdullah F;Saudi Arabia
Xu, Xiaomeng;China
Zhang, Yunzeng;China
Liu, Feng;China
Xu, Hao;China
Yang, Bozhi;China
Ou, Lijun;China
Li, Xuefeng;China
Zhou, Shudong;China
Yang, Sha;China
Ma, Yanqing;China
Dai, Xiongze;China
Zou, Xuexiao;China
Yan, Haidong;United States
Sun, Min;China
Jin, Yarong;China
González-Gómez, Jean P;Mexico
Medrano-Félix, José A;Mexico
Lee, HoJoon;United States
Ji, Hanlee P;United States
Zhao, Xia;China
Tan, Yinling;China
Biggs, Patrick J;New Zealand
Brankovics, Balázs;Netherlands
Houwers, Ilse M;Netherlands
van der Wolf, Jan M;Netherlands
Bonants, Peter J M;Netherlands
Vreeburg, Robert A M;Netherlands
Alsaiari, Ahad Amer;Saudi Arabia
Zhou, Jianuan;China
Zhang, Xian;China
Pei, Zhangming;China
Li, Xiaoshu;China
Cui, Shumao;China
Yang, Bo;China
Lu, Wenwei;China
Zhao, Jianxin;China
Mao, Bingyong;China
Alexandrov, Nickolai;United States
Xu, Hui;China
Cao, Yi;China
Hazen, Terry C;United States
Raza, Ali;China
Rajput, Akanksha;United States
Lu, Fei;China
Jiao, Yuling;China
Condamine, Bénédicte;France
Clermont, Olivier;France
Denamur, Erick;France
Galardini, Marco;Germany
Jaén-Luchoro, Daniel;Sweden
Mäkinen, Veli;Finland
Mark Welch, Jessica L;United States
Steenwyk, Jacob L;United States
Zhou, Xiaofan;China
Buzzanca, Davide;Belgium
Alessandria, Valentina;Italy
Rantsiou, Kalliopi;Italy
Houf, Kurt;Belgium
Amas, Junrey C;Australia
Tirnaz, Soodeh;Australia
Glick, Lior;Israel
Mayrose, Itay;Israel
Moreno, Edgardo;Costa Rica
Blasco, José María;Spain
Chaves-Olarte, Esteban;Costa Rica
Guzmán-Verri, Caterina;Costa Rica
Moriyón, Ignacio;Spain
Queiroz, Victória F;Brazil
Zhang, Qian;Unknown
Chen, Feng;Unknown
Torres-Morales, Julian;United States
Borisy, Gary G;United States
Jacob, Jobin John;India
Vasudevan, Karthick;India
Veeraraghavan, Balaji;India
Xu, Shuhua;China
Wang, Hongchao;China
Wallace, Meghan A;United States
Dantas, Gautam;United States
Bickhart, Derek M;United States
Pidot, Sacha J;Australia
Bode, Helge B;Germany
Zhou, Xingya;China
Kou, Dou-Rong;China
Ni, Jiang-Ping;China
Wang, Qing-Nan;China
Sahl, Jason W;United States
Fang, Wenwen;China
Fu, Weiwei;China
Yang, Peng;China
Heslop-Harrison, Pat J S;United Kingdom
Furch, Alexandra C U;Germany
Oelmüller, Ralf;Germany
Li, Hongbo;China
Shi, Junpeng;China
Lai, Jinsheng;China
Ma, Liyuan;China
Huang, Xinping;China
Huang, Shanshan;China
Liu, Xueduan;China
Ahmed, Omar;United States
Chen, Yongming;China
Jiao, Yuannian;China
Dixit, Girish Prasad;India
Parkhill, Julian;United Kingdom
Crysnanto, Danang;Switzerland
Youngblom, Madison A;United States
Pepperell, Caitlin S;United States
Tanwar, Ankit Singh;India
Shruptha, Padival;India
Brand, Angela;India
Satyamoorthy, Kapaettu;India
Murali, Thokur Sreepathy;India
Haukness, Marina;United States
Lucas, Julian K;United States
Buonaiuto, Silvia;Italy
Feng, Xiaowen;United States
Fischer, Christian;United States
Fulton, Robert S;United States
Garg, Shilpa;Denmark
Howe, Kerstin;United Kingdom
Jain, Miten;United States
Lu, Tsung-Yu;United States
Markello, Charles;United States
Olsen, Hugh E;United States
Pesout, Trevor;United States
Sibbesen, Jonas A;Denmark
Vollger, Mitchell R;United States
Cody, Sarah;United States
Felsenfeld, Adam L;United States
Gao, Yan;United States
Garrison, Nanibaa' A;United States
Green, Richard E;United States
Koenig, Barbara A;United States
McDaniel, Jennifer;United States
Mountcastle, Jacquelyn;United States
Nurk, Sergey;United States
Olson, Nathan D;United States
Popejoy, Alice B;United States
Puiu, Daniela;United States
Rhie, Arang;United States
Sanders, Ashley D;Germany
Schneider, Valerie A;United States
Schultz, Baergen I;United States
Smith, Michael W;United States
Sofia, Heidi J;United States
Thibaud-Nissen, Françoise;United States
Zimin, Aleksey V;United States
Flicek, Paul;United Kingdom
Hall, Ira M;United States
Potapova, Tamara;United States
Gerton, Jennifer L;United States
Stober, Catherine;Germany
Vaddadi, Naga Sai Kavya;United States
Basharat, Zarrin;Pakistan
Smith, Dan;United Kingdom
King, Robert;United Kingdom
Marsh, Jacob;Australia
Alaba, Mathew O;United States
Gnimpieba, Etienne Z;United States
Lushbough, Carol;United States
Sani, Rajesh Kumar;United States
Kapil, Arti;India
Anandan, Shalini;India
Mutreja, Ankur;United Kingdom
Aburjaile, Flávia;Brazil
Matussek, Andreas;Norway
Zhang, Ji;New Zealand
Bai, Xiangning;Norway
Lanza, Val F;Spain
Peixe, Luísa;Portugal
Coque, Teresa M;Spain
Connor, Christopher;United Kingdom
McNally, Alan;United Kingdom
Paulin, Lars;Finland
Sironen, Tarja;Finland
Kant, Ravi;Finland
Millman, Adi;Israel
Sorek, Rotem;Israel
Dwiyanto, Jacky;Malaysia
Su, Tin Tin;Malaysia
Reidpath, Daniel;Malaysia
Ayub, Qasim;Malaysia
Rahman, Sadequr;Malaysia
Shi, Jianxin;China
Zhang, Dabing;China
von Meijenfeldt, F A Bastiaan;Netherlands
Dutilh, Bas E;Netherlands
Xavier, Ramnik J;United States
Vatanen, Tommi;United States
Zhen, Cheng;China
Chen, Xin-Kai;China
Ge, Xian-Feng;China
Liu, Wen-Zheng;China
Bretschneider, Nancy;Germany
Huber, Ingrid;Germany
Murr, Larissa;Germany
Pavlovic, Melanie;Germany
Wenning, Mareike;Germany
Holtgräwe, Daniela;Germany
Matus, José Tomás;Spain
Navarro-Payá, David;Spain
Orduña, Luis;Spain
Tello-Ruiz, Marcela K;United States
Rustenholz, Camille;France
Yu, Zhichao;China
Zhou, Yong;Saudi Arabia
Mauleon, Ramil;Philippines
Wing, Rod A;United States
Zhang, Jianwei;China
Chau, Kevin K;United Kingdom
AbuOun, Manal;United Kingdom
Barker, Leanne;United Kingdom
Kavanagh, James;United Kingdom
Crook, Derrick W;United Kingdom
Read, Daniel S;United Kingdom
Delgado-Blas, Jose F;Spain
Serna, Carlos;Spain
Montero, Natalia;Spain
Aanensen, David M;United Kingdom
Gonzalez-Zorn, Bruno;Spain
Klockgether, Jens;Germany
Tümmler, Burkhard;Germany
Liang, Qihua;United States
Davidson, Patrick;United States
Phillips, Jeremy;United States
Lu, Zhenyuan;United States
Al-Bader, Noor;Saudi Arabia
Mohammed, Nahed;Saudi Arabia
Lorieux, Mathias;France
Zuccolo, Andrea;Saudi Arabia
McNally, Kenneth;Philippines
Xu, Sixiang;China
Wang, Zhuohao;China
Oliveira, Manuela;Portugal
Tavares, Luís;Portugal
Wattam, Alice Rebecca;United States
Svahn, Adam J;Australia
Chang, Sheryl L;Australia
Rockett, Rebecca J;Australia
Cliff, Oliver M;Australia
Wang, Qinning;Australia
Arnott, Alicia;Australia
Ramsperger, Marc;Australia
Sorrell, Tania C;Australia
Sintchenko, Vitali;Australia
Prokopenko, Mikhail;Australia
Wang, Dan;New Zealand
Sonnenberg, Cecilie Bækkedal;Norway
Haugen, Peik;Norway
Kim, Hae-Yeong;Korea, Democratic People's Republic of
Hirakawa, Hideki;Japan
Nagasaki, Hideki;Japan
Qin, Peng;China
Konkel, Zachary;Unknown
Slot, Jason C;Unknown
Henrissat, Bernard;Denmark
O'Connor, Paula M;Ireland
Hill, Colin;Ireland
Ross, R Paul;Ireland
Huang, Bihua C;United States
Liu, Haiyang;China
Zhou, Zhihui;China
Hua, Xiaoting;China
Yu, Yunsong;China
Ma, Laurence;France
Joseph, Sandeep J;United States
Rouard, Mathieu;France
Droc, Gaetan;France
Ge, Xue-Jun;China
Rai, Anusha;India
Suresh, Gandham;India
Ria, Biswas;India
Sasikala, Chintalapati;India
Wietz, Matthias;Germany
Hall, Rebecca J;United Kingdom
Sen, Arnab;India
Fitzpatrick, David A;Ireland
Lu, Yaru;China
Luo, Jiangwen;China
He, Songzhen;China
Rajendhran, Jeyaprakash;India
Hu, Jianxin;China
Li, Guihua;China
Pan, Yu;China
Xiong, Wenguang;China
Zeng, Zhenling;China
Contreras-Moreira, Bruno;Spain
Han, Maozhen;China
Conde, Cyril;France
Cochard, Thierry;France
Biet, Franck;France
Pedrosa-Silva, Francisnei;Brazil
Góes-Neto, Aristóteles;Brazil
Thakur, Zoozeal;India
Vaid, Rajesh Kumar;India
Anand, Taruna;India
Tripathi, Bhupendra Nath;India
Collins, Joanna;United Kingdom
Torrance, James;United Kingdom
Ruggieri, Angelo A;Unknown
Livraghi, Luca;Unknown
Lewis, James J;Unknown
Evans, Elizabeth;Unknown
Cicconardi, Francesco;Unknown
Hebberecht, Laura;Unknown
Ortiz-Ruiz, Yadira;Unknown
Montgomery, Stephen H;Unknown
Ghezzi, Alfredo;Unknown
Rodriguez-Martinez, José Arcadio;Unknown
Jiggins, Chris D;Unknown
McMillan, W Owen;Unknown
Counterman, Brian A;Unknown
Papa, Riccardo;Unknown
Van Belleghem, Steven M;Unknown
Parakkunnel, Ramya;India
Bhat, K V;India
Kumar, Sanjay;India
Wong, Edith D;United States
Karra, Kalpana;United States
Nash, Robert S;United States
Skrzypek, Marek S;United States
Weng, Shuai;United States
Engel, Stacia R;United States
Cherry, J Michael;United States
Lai, Qiliang;China
Shao, Zongze;China
Chitra, Murugesan Ananda;India
Sridhar, Ramaswamy;India
Xia, Fufang;China
Jiang, Min;China
Wang, Zhongxing;China
Wen, Zhe;China
Wang, Min;China
Zhuge, Xiangkai;China
Carrera-Salinas, Anna;Spain
Mashraqi, Mutaib M;Saudi Arabia
Alzamami, Ahmad;Saudi Arabia
Jagadeeshwari, Uppada;India
Ramana, Chintalapati Venkata;India
Lima, Alessandra;Brazil
de Jesus Sousa, Thiago;Brazil
Tiwari, Sandeep;Brazil
Seyffert, Núbia;Brazil
Jesus, Hendor N R;Brazil
Rocha, Danilo J P G;Brazil
Santos, Louisy S;Brazil
Navas, Jesus;Spain
Ramos, Rommel T J;Brazil
Aguiar, Eric R G R;Brazil
Mattos-Guaraldi, Ana L;Brazil
Pacheco, Luis G C;Brazil
Gui, Songtao;China
Guo, Genglin;China
Yu, Yanfei;China
Han, Xiangan;China
Orsi, Renato H;United States
Carroll, Laura M;Germany
Liao, Jingqiu;United States
Wiedmann, Martin;United States
Cagirici, H Busra;United States
Tian, Zhixi;China
Anani, Hussein;France
Caputo, Aurelia;France
Zgheib, Rita;France
Fournier, Pierre-Edouard;France
Pei, Liuling;China
Wang, Pengcheng;China
Ma, Yizan;China
Tu, Lili;China
Zhu, Longfu;China
Yebra, Gonzalo;United Kingdom
Harling-Lee, Joshua D;United Kingdom
Freeman, Tom C;United Kingdom
Fitzgerald, J Ross;United Kingdom
Pais, Ana Karolina Leite;Brazil
Santos, Leandro Victor Silva Dos;Brazil
Albuquerque, Greecy Mirian Rodrigues;Brazil
Farias, Antonio Roberto Gomes de;Brazil
Silva Junior, Wilson José;Brazil
Balbino, Valdir de Queiroz;Brazil
Silva, Adriano Márcio Freire;Brazil
Souza, Elineide Barbosa de;Brazil
Lee, Hyun-Hee;Korea, Republic of
Han, Gil;Korea, Republic of
Belloso Daza, Mireya Viviana;Italy
Novais, Carla;Portugal
Cocconcelli, Pier Sandro;Italy
Freitas, Ana R;Portugal
Chen, Liang;United States
Kreiswirth, Barry N;United States
Bannantine, John P;United States
González-Castillo, Adrián;Mexico
Carballo, José Luis;Mexico
Bautista-Guerrero, Eric;Mexico
Ruffier, Magali;United Kingdom
Land, Miriam L;United States
Cottingham, Robert W;United States
Hurtado, Raquel;Brazil
Jaiswal, Arun Kumar;Brazil
Spier, Sharon J;United States
Morais-Rodrigues, Francielly;Brazil
Al-Harbi, Alhanouf I;Saudi Arabia
Hameed, Alaa R;Iraq
Ismail, Saba;Pakistan
Buckler, Edward S;United States
Lu, Junwan;China
Lin, Xi;China
Li, Kewei;China
Bao, Qiyu;China
Alsowayeh, Noorah;Saudi Arabia
Albutti, Aqel;Saudi Arabia
Kittiwan, Nattinee;Thailand
Calland, Jessica K;Norway
Mourkas, Evangelos;United Kingdom
Hitchings, Matthew D;United Kingdom
Murray, Susan;United Kingdom
Tadee, Phacharaporn;Thailand
Pascoe, Ben;United Kingdom
Zhang, Yueqi;Australia
Szpak, Michal;United Kingdom
Howe, Kevin L;United Kingdom
Seif, Yara;United States
Poudel, Saugat;United States
Sastry, Anand V;United States
Kim, Jinshil;Korea, Democratic People's Republic of
Ryu, Sangryeol;Korea, Democratic People's Republic of
Jeon, Byeonghwa;United States
Lin, Kui;China
Pang, Erli;China
Yang, Ruiqi;China
Xu, Yeteng;China
Liu, Guangxiu;China
Zhang, Binglin;China
Chen, Tuo;China
Zhang, Gaosen;China
Näslund, Kristina;Sweden
Andersson, Siv G E;Sweden
Fulton, Lucinda L;United States
Regier, Allison;United States
Salzberg, Steven L;United States
Shumate, Alaina;United States
Jun, Se-Ran;United States
Wang, Shuo;China
Guo, Yingwei;China
Scaria, Joy;United States
Yang, Seung-Min;Korea, Republic of
Kim, Ik-Seon;Korea, Republic of
Torres-Miranda, Alexis;Chile
Garrido, Daniel;Chile
Zhang, Yadong;China
Zhang, Zaichao;Canada
Liu, Yucheng;China
Gao, Qiang;China
Xu, Jiabao;China
Yin, Ye;China
Abbasi, Sumra Wajid;Pakistan
Barh, Debmalya;Brazil
Viana, Marcus Vinicius Canário;Brazil
Aburjaile, Flávia Figueira;Brazil
Saxena, Rachit K;India
Duan, Zhongqu;China
Xiang, Zhen;China
Li, Guichao;China
Yan, Fazhe;China
Lu, Jinyuan;China
Zhang, Wenmin;China
Zhao, Hongyu;China
Zhu, Zhenggang;China
Jahanzaib, Muhammad;Pakistan
Hassan, Syed Shah;Pakistan
Ribeiro, Igor Daniel Alves;Brazil
Rudenko, Tatyana S;Russian Federation
Smolyakov, Dmitry D;Russian Federation
Beletsky, Alexey V;Russian Federation
Zhai, Qixiao;China
Borges, Vítor;Portugal
Gomes, João Paulo;Portugal
Isidro, Joana;Portugal
Xu, Zhuofei;China
Kuzmanović, Nemanja;Germany
Spröer, Cathrin;Germany
Verbarg, Susanne;Germany
Xie, Wen-Zhao;China
Worning, Peder;Denmark
Pedersen, Michael;Denmark
Westh, Henrik;Denmark
Luo, Jingyun;China
Chen, Lu;China
Li, Wenqiang;China
Wang, Yuebin;China
Sancho, Rubén;Spain
Juenger, Thomas E;United States
Des Marais, David L;United States
Petereit, Jakob;Australia
Singh, Pankaj Kumar;India
Sharma, Tilak Raj;India
Alrumaihi, Faris;Saudi Arabia
Al-Megrin, Wafa Abdullah I;Saudi Arabia
Almatroudi, Ahmad;Saudi Arabia
Allemailem, Khaled S;Saudi Arabia
Steenkamp, Emma T;South Africa
van Wyk, Stephanie;South Africa
De Vos, Lieschen;South Africa
Santana, Quentin C;South Africa
Wingfield, Brenda D;South Africa
Alatawi, Eid A;Saudi Arabia
Rolland, Clara;France
Levasseur, Anthony;France
Li, Yisong;China
Kumar, Sanjeet;India
Li, Quan;China
Li, Pei;China
Grosso, Filipa;Portugal
Hu, Zhiqiang;United States
Zhang, Hongliang;China
Li, Zichao;China
Li, Jiayang;China
Cantalapiedra, Carlos P;Spain
Vinuesa, Pablo;Mexico
Nestor, Benjamin J;Australia
Gill, Mitchell;Australia
Cubero, Meritxell;Spain
Yang, Tong;China
Aba Alkhayl, Faris F;Saudi Arabia
Lassalle, Florent;United Kingdom
Dagan, Tal;Germany
Greco, Samuele;Italy
Putonti, Catherine;United States
Wolfe, Alan J;United States
Tantoso, Erwin;Singapore
Eisenhaber, Birgit;Singapore
Eisenhaber, Frank;Singapore
Palma, Federica;France
Radomski, Nicolas;France
Roussel, Sophie;France
Guillier, Laurent;France
Zhang, Pei-Tao;China
Wittler, Roland;Germany
Gontijo, Marco Túlio Pardini;Brazil
Brocchi, Marcelo;Brazil
Lloyd, Colton J;United States
Monat, Cécile;France
Fang, Zih-Hua;Switzerland
Heaton, Michael P;United States
Vander Ley, Brian L;United States
Kuhn, Kristen L;United States
Dawson, Eric T;United States
Cella, Eleonora;United States
Blake, Victoria C;United States
Birkett, Clay L;United States
Li, Beiping;China
Hu, Anqun;China
Li, Chuhao;China
Xue, Yang;China
Chen, Shanshan;China
Burridge, Amanda J;United Kingdom
Winfield, Mark O;United Kingdom
Wilkinson, Paul A;United Kingdom
Przewieslik-Allen, Alexandra M;United Kingdom
Edwards, Keith J;United Kingdom
Barker, Gary L A;United Kingdom
Xu, Xinmin;China
Jiang, Mengnan;China
Yin, Shangqi;China
Zheng, Mei;China
Meng, Huan;China
Han, Ying;China
Wang, Yajie;China
Wei, Qiang;China
Alotaibi, Ghallab;Saudi Arabia
Bouchier, Christiane;France
Gugger, Muriel;France
Ferrés, Ignacio;Uruguay
Iraola, Gregorio;Uruguay
Perrin, Amandine;France
Cury, Jean;France
Rocha, Eduardo P C;France
Compant, Stéphane;Austria
Antonielli, Livio;Austria
Xu, Shuai;China
Li, Gang;China
Che, Yanlin;China
Han, Lichao;China
Li, Dan;China
Li, Zhenjun;China
Clarke, Wayne E;United States
Ramaprasad, Abhinay;Saudi Arabia
Cai, Xu;China
Lin, Runmao;China
Liang, Jianli;China
Hanson, Blake M;United States
Arias, Cesar A;United States
Peacock, Sharon J;United Kingdom
Kim, Dayoung;Korea, Democratic People's Republic of
Tian, Xiaomeng;China
Letunic, Ivica;Germany
Maistrenko, Oleksandr M;Germany
Coelho, Luis Pedro;China
Forslund, Sofia K;Germany
Hildebrand, Falk;Germany
Luetge, Mechthild;Germany
Schmidt, Thomas S B;Germany
Bork, Peer;Germany
Estrada, April A;United States
Gebhart, Connie J;United States
Marthaler, Douglas G;United States
Jackson, Scott A;United States
Ma, Jianxin;United States
Zhang, Tiantian;China
Ren, Qiufang;China
Xiang, Li;China
Ning, Chunhui;China
Zhang, Yusen;China
Gao, Rui;China
King, Graham J;Australia
Pucker, Boas;United Kingdom
Tay Fernandez, Cassandria Geraldine;Australia
Danilevicz, Monica Furaste;Australia
Yang, Yi;China
Roder, Thomas;Switzerland
Bruggmann, Rémy;Switzerland
Terrapon, Nicolas;France
Xue, Liang;China
Zeng, Haiyan;China
Bowden, Rory;Australia
Dong, Yongyi;China
Xu, Zhengjun;China
Wei, Xiankai;China
Vandamme, Peter;Belgium
Peeters, Charlotte;Belgium
Seth-Smith, Helena M B;Switzerland
Cnockaert, Margo;Belgium
Goldenberger, Daniel;Switzerland
Zhou, Jizhong;United States
Ahmad, Diyar;Pakistan
Hayat, Ajmal;Pakistan
Lee, Isaiah Paolo A;United States
Andam, Cheryl P;United States
Gandham, Prasad;India
Fogel, Gary B;United States
Abramson, Bradley;United States
Michael, Todd;United States
Liu, Enoch S;United States
Thomas, Sterling;United States
Hassan, Muhammad Adeel;China
Rasheed, Awais;Pakistan
He, Zhonghu;China
Olson, Andrew;United States
Wei, Sharon;United States
Kumar, Vivek;United States
Kumari, Sunita;United States
Abbas, Muhammad Naseer;Pakistan
Son, Seungwoo;Korea, Democratic People's Republic of
Lee, Sung Ho;Korea, Democratic People's Republic of
Kim, Yangseon;Korea, Democratic People's Republic of
Shin, Donghyun;Korea, Democratic People's Republic of
Abdel-Glil, Mostafa Y;Germany
Eichhorn, Inga;Germany
Wieler, Lothar H;Germany
Holden, Matthew T G;United Kingdom
Santos, Anderson R;Brazil
Gautreau, Guillaume;Unknown
Gachet, Mathieu;Unknown
Planel, Rémi;Unknown
Burlot, Laura;Unknown
Dubois, Mathieu;Unknown
Médigue, Claudine;Unknown
Calteau, Alexandra;Unknown
Cruveiller, Stéphane;Unknown
Matias, Catherine;Unknown
Ambroise, Christophe;Unknown
Vallenet, David;Unknown
Viver, Tomeu;Spain
Konstantinidis, Konstantinos T;United States
Noshay, Jaclyn M;United States
Springer, Nathan M;United States
Brockhurst, Michael A;United Kingdom
Harrison, Ellie;United Kingdom
Filippi, Carla V;United Kingdom
Fan, Guangyi;China
Her, Hsuan-Lin;United States
Sperschneider, Jana;Australia
Huynh, Steven;United States
Cooper, Kerry K;United States
Parker, Craig T;United States
Matteoli, Filipe P;Brazil
Olivares, Fabio L;Brazil
Wu, Hao;China
Wise, Michael J;Australia
Kahler, Charlene M;Australia
Oshkin, Igor Y;Russian Federation
Miroshnikov, Kirill K;Russian Federation
Dedysh, Svetlana N;Russian Federation
Heu, Sunggi;Korea, Democratic People's Republic of
Hwang, Ingyu;Korea, Democratic People's Republic of
Baquero, Fernando;Spain
Kim, Hyeon-Be;Korea, Republic of
Baek, Jiwon;Korea, Republic of
Ko, Seyoung;Korea, Republic of
Kim, Donghyuk;Korea, Republic of
Yoon, Hyunjin;Korea, Republic of
Bansal, Kanika;India
Roh, Seong Woon;Korea, Democratic People's Republic of
Awan, Furqan;China
Ali, Muhammad Muddassir;Pakistan
Mushtaq, Muhammad Hassan;Pakistan
Liu, Yongjie;China
Kim, Myung-Shin;Korea, Democratic People's Republic of
Jeong, Soon-Chun;Korea, Democratic People's Republic of
Horesh, Gal;United Kingdom
Zou, Wei;China
Ye, Guangbin;China
Zhang, Kaizheng;China
Yang, Jiangang;China
Midha, Samriti;India
Hunt, Martin;United Kingdom
Letcher, Brice;United Kingdom
Whelan, Fiona J;United Kingdom
Stice, Shaun P;United States
Gitaitis, Ronald D;United States
Li, Ruiqiang;China
Luo, Ruibang;China
Bayliss, Sion C;United Kingdom
Shapiro, Jason W;United States
Gordon, David M;Australia
Biessy, Adrien;Canada
Novinscak, Amy;Canada
Filion, Martin;Canada
Novoa, Beatriz;Spain
Figueras, Antonio;Spain
Deachamag, Panchalika;Thailand
Valenzuela, Daniel;Finland
Dong, Yuhao;China
Lee, HueyTyng;Germany
Lim, Yong Pyo;Korea, Republic of
Chalhoub, Boulos;China
de Leon, Natalia;United States
Kaeppler, Shawn M;United States
Verma, Dipesh Kumar;India
Chaudhary, Chetna;India
Singh, Latika;India
Sidhu, Chandni;India
Siddhardha, Busi;India
Prasad, Senthil E;India
Thakur, Krishan Gopal;India
Norri, Tuukka;Finland
Fang, Bao-Zhu;China
Li, Wen-Jun;China
Yeboah-Manu, Dorothy;Ghana
Li, Weiguo;China
Doležel, Jaroslav;Czechia
Plott, Christopher;United States
Zhou, Danying;China
Xu, Teng;China
Pintado, Adrián;Spain
Ramos, Cayo;Spain
Sun, Zhong-Zhi;China
Xie, Bin-Bin;China
Collingro, Astrid;Austria
Horn, Matthias;Austria
Fraqueza, Maria J;Portugal
Bartels, Mette D;Denmark
Goncalves, Luisa;Portugal
Paixão, Paulo;Portugal
Goncalves, Elsa;Portugal
Toscano, Cristina;Portugal
Empel, Joanna;Poland
Urbaś, Malgorzata;Poland
de Lencastre, Hermínia;Portugal
Miragaia, Maria;Portugal
Liang, Yili;China
Aherfi, Sarah;France
La Scola, Bernard;France
Colson, Philippe;France
Deshpande, Santosh P;India
Yang, Xun;United States
Meng, Jianghong;United States
Ghosh, Preetam;United States
Ramos, Rommel;Brazil
Liang, Chengzhi;China
Dar, Hamza Arshad;Pakistan
Tao, Yongfu;Australia
Zhao, Xianrong;Australia
Jordan, David;Australia
Mace, Emma;Australia
Zoledowska, Sabina;Poland
Motyka-Pomagruk, Agata;Poland
Lojkowska, Ewa;Poland
Bouchami, Ons;Portugal
Hassan, Karl A;Australia
Elbourne, Liam D H;Australia
Weller, David M;United States
Thomashow, Linda S;United States
Mavrodi, Dmitri V;United States
Vapalahti, Olli;Finland
Wolter, Laura A;Germany
Feng, Yuqing;China
Hu, Yongfei;China
Lau, Billy T;United States
Pavlichin, Dmitri;United States
Hooker, Anna C;United States
Almeda, Alison;United States
Shin, Giwon;United States
Chen, Jiamin;United States
Sahoo, Malaya K;United States
Pinsky, Benjamin A;United States
Dong, Ha Thanh;Thailand
Senapin, Saengchan;Thailand
Goltsman, Eugene;United States
Vogel, John P;United States
Chen, Chaoyun;China
Wang, Lusheng;China
Stubberfield, Emma;United Kingdom
Gweon, H Soon;United Kingdom
Pickford, Hayleah;United Kingdom
Swann, Jeremy;United Kingdom
Gilson, Daniel;United Kingdom
Smith, Richard P;United Kingdom
Hoosdally, Sarah J;United Kingdom
Sebra, Robert;United States
Bailey, Mark J;United Kingdom
Anjum, Muna F;United Kingdom
Walker, A Sarah;United Kingdom
Zhang, Si;China
Lorenzi, Jean-Noël;France
Lespinet, Olivier;France
Leblond, Pierre;France
Müller, Thomas;Switzerland
Roulin, Anne C;Switzerland
Ens, Jennifer;Canada
Boston, Lori B;Unknown
Lugli, Gabriele Andrea;Italy
Rong, Jin-Cheng;China
González-Escalona, Narjol;United States
Fresia, Pablo;Uruguay
Weisshaar, Bernd;Germany
Makarova, Kira S;United States
Mageiros, Leonardos;United Kingdom
Méric, Guillaume;United Kingdom
Wilkinson, Thomas S;United Kingdom
Feil, Edward J;United Kingdom
Hach, Faraz;Canada
Jeong, Yujin;Korea, Democratic People's Republic of
Cho, Byung-Kwan;Korea, Democratic People's Republic of
Vázquez-Rosas-Landa, Mirna;Mexico
Ibarra-Laclette, Enrique;Mexico
Choudhary, Kumari Sonal;United States
Schreiber, Mona;Germany
Gomez-Gil, Bruno;Mexico
Suzuki, Masato;Japan
Hirabayashi, Aki;Japan
Alessandri, Giulia;Italy
Mancabelli, Leonardo;Italy
Longhi, Giulia;Italy
Anzalone, Rosaria;Italy
Viappiani, Alice;Italy
Ventura, Marco;Italy
Turroni, Francesca;Italy
Milani, Christian;Italy
Blesa, Alba;Spain
Berenguer, José;Spain
Brinkmann, Henner;Germany
Petersen, Jörn;Germany
Dalsgaard, Inger;Denmark
Fagorzi, Camilla;Italy
Decorosi, Francesca;Italy
Viti, Carlo;Italy
Mengoni, Alessio;Italy
diCenzo, George C;Italy
Wang, Chunchao;China
Zhu, Xitong;China
Xing, Feng;China
Wei, Yi;China
Steuernagel, Burkhard;United Kingdom
Margolles, Abelardo;Spain
Cho, Eun-Ji;Korea, Democratic People's Republic of
Köllner, Tobias G;Germany
Guo, Liang;China
Zhou, Zhemin;United Kingdom
Achtman, Mark;United Kingdom
Kumar, Roshan;United States
Livingstone, Paul G;United Kingdom
Bradbury, Peter J;United States
Woyke, Tanja;United States
Lapidus, Alla;United States
Harris, Llinos G;United Kingdom
Post, Virginia;Switzerland
Mack, Dietrich;Germany
Morgenstern, Mario;Switzerland
Rohde, Holger;Germany
Moriarty, T Fintan;Switzerland
Nielsen, Lars K;Australia
Marcellin, Esteban;Australia
Sánchez-Osuna, Miquel;Spain
Cortés, Pilar;Spain
Barbé, Jordi;Spain
Erill, Ivan;United States
Fang, Xin;United States
Ross, Daniel E;United States
Marshall, Christopher W;United States
May, Harold D;United States
Norman, R Sean;United States
Psomopoulos, Fotis E;Greece
Ouzounis, Christos A;Greece
Zhang, Xiufeng;China
Rasko, David A;United States
de Toro, María;Spain
Blanco, Jorge;Spain
Yang, Ling-Ling;China
Jiang, Zhao;China
Zhi, Xiao-Yang;China
Yang, Fei;China
Midwinter, Anne C;New Zealand
Wilkinson, David A;New Zealand
French, Nigel P;New Zealand
Thakur, Shalabh;Canada
Guttman, David S;Canada
Eguiarte, Luis E;Mexico
Emond-Rheault, Jean-Guillaume;Canada
Kukavica-Ibrulj, Irena;Canada
Laing, Chad R;Canada
Gannon, Victor P J;Canada
Badet, Thomas;Switzerland
Thompson, Fabiano;Brazil
Thompson, Cristiane;Brazil
Garrido-Sanz, Daniel;Spain
Redondo-Nieto, Miguel;Spain
Martín, Marta;Spain
Rivilla, Rafael;Spain
Ghaffaari, Ali;Germany
Kaur, Punit;India
Chen, Chih-Chieh;Morocco
Molina, Lázaro;Spain
Segura, Ana;Spain
Duque, Estrella;Spain
Ramos, Juan-Luis;Spain
Kim, Yeon Bee;South Korea
Kim, Joon Yong;Korea, Democratic People's Republic of
Song, Hye Seon;South Korea
Lee, Se Hee;Korea, Democratic People's Republic of
Myoung, Jinjong;Korea, Democratic People's Republic of
Rhee, Jin-Kyu;South Korea
van Tonder, Andries J;United Kingdom
Baraúna, Rafael A;Brazil
Oh, Young Joon;Korea, Democratic People's Republic of
Park, Hyo Kyeong;Korea, Democratic People's Republic of
Lim, Seul Ki;Korea, Democratic People's Republic of
Kwon, Min-Sung;Korea, Democratic People's Republic of
Choi, Hak-Jong;Korea, Democratic People's Republic of
Kudrna, Dave;United States
Lee, Seunghee;United States
Leung, Hei;Philippines
Miller, Elizabeth A;United States
Flores Figueroa, Cristian;United States
Johnson, Timothy J;United States
Anand, Amitesh;Unknown
Yang, Laurence;Unknown
Zhou, Jing;China
Liang, Long;China
Khan, Asma M A M;United States
Hauk, Valerie J;United States
Blumer-Schuette, Sara E;United States
Lukjancenko, Oksana;Denmark
Laflamme, Bradley;Canada
Martel, Alexandre;Canada
Almeida, Renan N D;Canada
Desveaux, Darrell;Canada
Rodrigues, Rodrigo Araújo Lima;Brazil
Andreani, Julien;France
Abrahão, Jônatas Santos;Brazil
Mende, Daniel R;Germany
Sunagawa, Shinichi;Germany
Oggenfuss, Ursula;Switzerland
Sherman, Rachel M;United States
Nagar, Shekhar;India
Negi, Ram Krishan;India
Zhang, Xiuqing;China
Bolund, Lars;China
Park, Cooper J;United States
Heo, Sojeong;Korea, Democratic People's Republic of
Lee, Jong-Hoon;Korea, Democratic People's Republic of
Jeong, Do-Won;Korea, Democratic People's Republic of
Tettelin, Hervé;United States
Jandrasits, Christine;Germany
Renard, Bernhard Y;Germany
Du, Duo;China
Zhao, Yue;China
Eggertsson, Hannes P;Iceland
Kristmundsdottir, Snaedis;Iceland
Jonsson, Hakon;Iceland
Gudbjartsson, Daniel F;Iceland
Stefansson, Kari;Iceland
Halldorsson, Bjarni V;Iceland
Melsted, Pall;Iceland
Bustos, Patricia;Mexico
Martínez-Flores, Irma;Mexico
González, Víctor;Mexico
Vishnu, Udayakumar S;India
Sankarasubramanian, Jagadesan;India
Gunasekaran, Paramasamy;India
Chapeton-Montes, Diana;France
Plourde, Lucile;France
Criscuolo, Alexis;France
Popoff, Michel Robert;France
Hall, Lindsay J;United Kingdom
Shehroz, Muhammad;Andorra
Kim, Kyung Hyun;Korea, Democratic People's Republic of
Chun, Byung Hee;Korea, Democratic People's Republic of
Felten, Arnaud;France
Mistou, Michel-Yves;France
Yang, Zhishuang;China
Liu, Yunya;China
Zhang, Ling;China
Yu, Yanling;China
Chen, Xiaoyue;China
Lajus, Aurélie;France
Langlois, Jordan;France
Roche, David;France
Rollin, Johan;France
Rouy, Zoe;France
O'Brien, Claire L;Australia
Yang, Pengshuo;China
Zhao, Yongbing;United States
Tett, Adrian;Italy
Asnicar, Francesco;Italy
Manghi, Paolo;Italy
Zolfo, Moreno;Italy
Thorpe, Harry A;United Kingdom
Pang, Bo;China
Dolatabadian, Aria;Australia
Hjerde, Erik;Norway
Klingenberg, Claus;Norway
Cavanagh, Jorunn Pauline;Norway
Safari, Maryam;Iran, Islamic Republic of
Shariati J, Vahid;Iran, Islamic Republic of
Kavvas, Erol;United States
Naz, Kanwal;Pakistan
Xing, Juyuan;China
Sun, Yingjiao;China
Zhao, Juanjuan;China
Miao, Shaohua;China
Xiong, Qin;China
Zhang, Yonggang;China
Zhang, Guishan;China
McCarthy, Charley G P;Ireland
Sun, Chen;China
Lehours, Philippe;France
Sutcliffe, Iain C;United Kingdom
Sangal, Vartul;United Kingdom
Fontana, Alessandra;Italy
Treu, Laura;Italy
Campanaro, Stefano;Italy
Morelli, Lorenzo;Italy
Jeong, Sang Eun;Korea, Democratic People's Republic of
Gemmell, Matthew R;United Kingdom
Berry, Susan;United Kingdom
Hansen, Richard;United Kingdom
Nielsen, Henrik;Denmark
Bajaj-Elliott, Mona;United Kingdom
Hold, Georgina L;United States
Vincent, Antony T;Canada
Goarant, Cyrille;New Caledonia
Thibeaux, Roman;New Caledonia
Reinhardt, Richard;Germany
Weir, Bevan S;New Zealand
Knight, Daniel R;Australia
Riley, Thomas V;Australia
Raymond, Frédéric;Canada
Déraspe, Maxime;Canada
Roy, Paul H;Canada
Corbeil, Jacques;Canada
Bochkareva, Olga O;Russian Federation
Gelfand, Mikhail S;Russian Federation
Legendre, Matthieu;France
Alempic, Jean-Marie;France
Philippe, Nadège;France
Lartigue, Audrey;France
Jeudy, Sandra;France
Poirot, Olivier;France
Couté, Yohann;France
Abergel, Chantal;France
Claverie, Jean-Michel;France
Naz, Anam;Pakistan
Ahmad, Jamil;Pakistan
Bray, James E;United Kingdom
Holmes, David S;Chile
Velsko, Irina M;Unknown
Richards, Vincent P;Unknown
Raphael, Brian H;United States
Winchell, Jonas M;United States
Caputo, Aurélia;France
Salloum, Tamara;Lebanon
Panossian, Balig;Lebanon
Tokajian, Sima;Lebanon
Wulff, Brande B H;United Kingdom
Tang, Shanmei;China
Li, Junhua;China
Jia, Huijue;China
Mancino, Walter;Italy
Duranti, Sabrina;Italy
Mangifesta, Marta;Italy
Forman, Juliet;United States
Antonescu, Valentin;United States
Daya, Michelle;United States
Rafaels, Nicholas;United States
Boorgula, Meher Preethi;United States
Chavan, Sameer;United States
Ortega, Victor E;United States
Levin, Albert M;United States
Eng, Celeste;United States
Yazdanbakhsh, Maria;Netherlands
Wilson, James G;United States
Marrugo, Javier;Colombia
Lange, Leslie A;United States
Williams, L Keoki;United States
Watson, Harold;Barbados
Ware, Lorraine B;United States
Olopade, Christopher O;United States
Olopade, Olufunmilayo;United States
Oliveira, Ricardo R;Brazil
Ober, Carole;United States
Nicolae, Dan L;United States
Meyers, Deborah A;United States
Mayorga, Alvaro;Honduras
Knight-Madden, Jennifer;Jamaica
Hartert, Tina;United States
Hansel, Nadia N;United States
Foreman, Marilyn G;United States
Ford, Jean G;United States
Faruque, Mezbah U;United States
Dunston, Georgia M;United States
Caraballo, Luis;Colombia
Burchard, Esteban G;United States
Bleecker, Eugene R;United States
Araujo, Maria I;Brazil
Herrera-Paz, Edwin F;Honduras
Campbell, Monica;United States
Foster, Cassandra;United States
Taub, Margaret A;United States
Beaty, Terri H;United States
Ruczinski, Ingo;United States
Mathias, Rasika A;United States
Barnes, Kathleen C;United States
Perrin, Elena;Italy
Burne, Robert A;United States
Mariet, Jean-François;France
Freschi, Luca;Canada
Jeukens, Julie;Canada
Charette, Steve J;Canada
Lamble, Sarah;United Kingdom
Fani, Renato;Italy
Baldi, Franco;Italy
Hiller, N Luisa;United States
Laing, Chad;Canada
Chaudhari, Narendrakumar M;India
Gupta, Vinod Kumar;India
Dutta, Chitra;India
Mih, Nathan;United States
Nizet, Victor;United States
Bacci, Giovanni;Italy
Bazzicalupo, Marco;Italy
Chan, Chon-Kit Kenneth;Australia
Checcucci, Alice;Italy
Fondi, Marco;Italy
Whiteside, Matthew D;Canada
Yang, Ming;China
Wang, Jinyue;China
Yu, Jun;China
Wu, Jiayan;China
Kiu, Raymond;United Kingdom
Inman, Jason M;United States
Beck, Erin;United States
Brinkac, Lauren M;United States
Rodriguez-R, Luis M;United States
Ramaraj, Thiruvarangan;Unknown
Mudge, Joann;Unknown
Barad, Omer;Israel
Soifer, Ilya;Israel
Stein, Joshua C;United States
Dornas, Fábio P;Brazil
Collins, Fergus W J;Ireland
Rea, Mary C;Ireland
Holley, Guillaume;Germany
Dick, Gregory J;United States
Davis, Timothy W;United States
Watson, Susan B;Canada
Yu, Jie;China
Song, Yuqin;China
Zhu, Chuanrang;China
Li, Wenjun;China
Xu, Qun;China
Wang, Zi-Xuan;China
Hartmann, Fanny E;France
Välimäki, Niko;Finland
Wu, Zhichao;China
Zheng, Tianqing;China
Fuentes, Roven Rommel;Philippines
Mansueto, Locedie;Philippines
Sanciangco, Millicent;Philippines
Palis, Kevin Christian;Philippines
Fu, Binying;China
Gao, Yongming;China
Zhao, Xiuqin;China
Cui, Xiao;China
Yu, Hong;China
Chen, Miaolin;China
Detras, Jeffrey;Philippines
Zhou, Yongli;China
Zhang, Xinyuan;China
Li, Rui;China
Jia, Ben;China
He, Xianchang;China
Dong, Zhaotong;China
Li, Yanhong;China
Wang, Miao;China
Hu, Wushu;China
Poliakov, Alexander;United States
Dubchak, Inna;United States
Ulat, Victor Jun;Philippines
Borja, Frances Nikki;Philippines
Mendoza, John Robert;Philippines
Ali, Jauhar;Philippines
Yue, Zhen;China
Naredo, Ma Elizabeth B;Philippines
Wang, Xueqiang;China
Li, Jinjie;China
Glaszmann, Jean-Christophe;France
Hamilton, Ruaraidh Sackville;Philippines
Zhang, Gengyun;China
Palva, Airi;Finland
Thompson, Cristiane C;Brazil
Thompson, Fabiano L;Brazil
Zurawski, Jeffrey V;United States
Elkins, James G;United States
Kelly, Robert M;United States
Castillo, Daniel;Denmark
Madsen, Lone;Denmark
Mansfeldt, Cresten B;United States
Rowe, Annette R;United States
Richardson, Ruth E;United States
Yang, Junhui;China
Kang, Yu;China
Zhang, Dao-Feng;China
Assis, Felipe L;Brazil
Scola, Bernard La;France
Gordon, Sean P;United States
Kaas, Rolf S;Denmark
Montenegro, Juan D;Australia
Bernhardt, Jörg;Germany
Hennig, André;Germany
Nieselt, Kay;Germany
Gevers, Dirk;United States
Bergsveinson, Jordyn;Canada
Ziola, Barry;Canada
Duffy, Brion;Switzerland
Lee, Jun-Yeong;Korea, Democratic People's Republic of
Han, Geon Goo;Korea, Democratic People's Republic of
Kim, Eun Bae;South Korea
Choi, Yun-Jaie;South Korea
Touchon, Marie;France
Bolotin, Evgeni;Israel
Hershberg, Ruth;Israel
Ferrario, Chiara;Italy
Ngugi, David Kamanda;Saudi Arabia
Stingl, Ulrich;Saudi Arabia
Kayansamruaj, Pattanapon;Thailand
Rodkhum, Channarong;Thailand
Howell, Kate J;United Kingdom
Weinert, Lucy A;United Kingdom
Peters, Sarah E;United Kingdom
Chaudhuri, Roy R;United Kingdom
Luan, Shi-Lu;United Kingdom
Angen, Øystein;Norway
Aragon, Virginia;Spain
Williamson, Susanna M;United Kingdom
Langford, Paul R;United Kingdom
Rycroft, Andrew N;United Kingdom
Wren, Brendan W;United Kingdom
Maskell, Duncan J;United Kingdom
Tucker, Alexander W;United Kingdom
Guimarães, Luis Carlos;Brazil
MacArthur, Iain;United Kingdom
Anastasi, Elisa;United Kingdom
Alvarez, Sonsiray;United Kingdom
Scortti, Mariela;United Kingdom
Vázquez-Boland, José A;United Kingdom
Harris, Simon R;United Kingdom
Middelboe, Mathias;Denmark
Spini, Giulia;Italy
Guimarães, Luís C;Brazil
Barbe, Valérie;France
Humbert, Jean-François;France
Orlandini, Valerio;Italy
Maida, Isabel;Italy
de Pascale, Donatella;Italy
Tutino, Maria Luisa;Italy
Lo Giudice, Angelina;Italy
Liu, Yen-Yi;Taiwan, Province of China
Chiou, Chien-Shun;Taiwan, Province of China
Merhej, V;France
Robert, C;France
Raoult, D;France
La Scola, B;France
Beller, Timo;Germany
Baddam, Ramani;India
Shaik, Sabiha;India
Ahmed, Niyaz;India
Shen, Mengyu;China
Le, Shuai;China
Shen, Wei;China
Yang, Yuhui;China
Zhu, Hongbin;China
Li, Shu;China
Rao, Xiancai;China
Hu, Fuquan;China
Lu, Shuguang;China
Sternes, Peter R;Australia
Dean, Deborah;United States
Sun, Shixiang;China
Zhang, Zhang;China
Pinosio, Sara;Italy
Marroni, Fabio;Italy
Morgante, Michele;Italy
Wels, Michiel;Netherlands
Smokvina, Tamara;France
Goesmann, Alexander;Germany
Florczak-Wyspianska, Jolanta;Brazil
de Jesus, Leandro Benevides;Brazil
Ramos, Rommel Thiago Jucá;Brazil
Frandi, Antonio;Switzerland
Théraulaz, Laurence;Switzerland
Greub, Gilbert;Switzerland
Viollier, Patrick H;Switzerland
Upadhyaya, Narayana M;Australia
Park, Robert F;Australia
Dodds, Peter N;Australia
Herrera-Estrella, Luis;Mexico
Walter, Jens;Canada
Juge, Nathalie;United Kingdom
Kanehisa, Minoru;Japan
Sato, Yoko;Japan
Song, Giltae;United States
Demeter, Janos;United States
Wassenaar, Trudy M;Germany
Hauser, Loren;United States
Land, Miriam;United States
Schadt, Christopher W;United States
Ussery, David W;United States
Tay, Chin Yen;Australia
Perkins, Timothy T;Australia
Chang, Barbara J;Australia
Allender, Christopher J;United States
Currie, Bart J;Australia
Keim, Paul;United States
Tuanyok, Apichai;United States
Rouli, L;France
Robert, Catherine;France
Brilli, Matteo;Italy
Moretto, Marco;Italy
Engelen, Kristof;Italy
Pini, Francesco;France
Biondi, Emanuele G;France
Roach, David J;United States
Lee, Choli;United States
Stackhouse, Bethany;United States
Butler-Wu, Susan M;United States
Cookson, Brad T;United States
Shendure, Jay;United States
Salipante, Stephen J;United States
Dickins, Benjamin J A;Unknown
Engel, Stacia;Unknown
Gallagher, Jennifer;Unknown
Choe, Kisurb;Unknown
Dunn, Barbara;Unknown
Snyder, Michael;Unknown
Sangwan, Naseer;India
Sharma, Anukriti;India
Khurana, Paramjit;India
Khurana, Jitendra P;India
Snipen, Lars;Norway
Jiang, Jingwei;China
Leung, Frederick C;China
Hassan, Syed S;Brazil
Miyoshi, Anderson;Brazil
Hu, Fen Z;United States
Wang, Jun;Denmark
Medini, Duccio;Italy
Riley, David R;United States
Lee, Hayan;Unknown
D'Auria, Giuseppe;Spain
Moya, Andrés;Spain
Mocali, Stefano;Unknown
Zhou, Guangyu;China
Chouvarine, Philippe;Unknown
Cramer, Nina;Unknown
Davenport, Colin F;Unknown
Wiehlmann, Lutz;Unknown
Pagnier, Isabelle;France
Palmer, Sara R;Unknown
Qin, Xiang;Unknown
Weinstock, George M;Unknown
Highlander, Sarah K;Unknown
Fournous, Ghislain;Unknown
Papaleo, Maria Cristiana;Italy
van Hylckama Vlieg, Johan E T;Unknown
Siezen, Roland J;Unknown
Guy, Lionel;Sweden
Foroni, Elena;Unknown
Sodergren, Erica;Unknown
Zeng, Lin;Unknown
Trost, Eva;Unknown
Pinto, Anne C;Unknown
Barbosa, Eudes G V;Unknown
Dorella, Fernanda A;Unknown
Bakhtiar, Syeda M;Unknown
Pereira, Ulisses P;Unknown
Abreu, Vinicius A C;Unknown
Schneider, Maria P C;Unknown
Tauch, Andreas;Unknown
Lefébure, Tristan;Unknown
Bitar, Paulina D Pavinski;Unknown
Friis, Carsten;Unknown
Latorre, Amparo;Unknown
Horvath, Philippe;Unknown
Barrangou, Rodolphe;Unknown
Steele, James L;Unknown
Almeida, Sintia S;Unknown
Carneiro, Adriana R;Unknown
Schneider, Maria P;Unknown
Rocha, Flavia S;Unknown
Radune, Diana;Unknown
Durkin, A Scott;Unknown
Gu, Jianying;Unknown
Wang, Yufeng;Unknown
Castellanos, Elena;Spain
Aranaz, Alicia;Unknown
de Juan, Lucia;Unknown
Dominguez, Lucas;Unknown
Linedale, Richard;Unknown
Bull, Tim J;Unknown
Villegas, Andre;Unknown
Taboada, Eduardo N;Unknown
Kropinski, Andrew;Unknown
Thomas, James E;Unknown
Muzzi, Alessandro;Italy
Donati, Claudio;Unknown
Dunning Hotopp, Julie C;Unknown
Fournier, Gregory P;Unknown
Lapierre, Pascal;Unknown
Gogarten, J Peter;Unknown
Nishimura, Marc T;Unknown
Jones, Corbin D;Unknown
Dangl, Jeffery L;Unknown
Zhang, Yongxiang;Unknown
Angiuoli, Samuel V;United States
van Aartsen, Jon Jurriaan;United Kingdom
Rajakumar, Kumar;Unknown
Lucas, Susan;Unknown
Ivanova, Natalia;Unknown
Mornico, Damien;Unknown
Hallin, Peter F;Unknown
Riley, David;United States
Madupu, Ramana;Unknown
Bayjanov, Jumamurat R;Netherlands
